user_input,reference_contexts,reference,synthesizer_name
What is the deadline for inscribing in the Bolsa Permanência do MEC - BPMEC?,"['EDITAL PROAES/UFMS Nº 70, DE 4 DE JUNHO DE 2024.\nCADASTRO PARA BOLSA PERMANÊNCIA DO MEC PARA ESTUDANTES INDÍGENAS E\nQUILOMBOLAS NA GRADUAÇÃO - PROGRAMA BPMEC 2024\nA FUNDAÇÃO UNIVERSIDADE FEDERAL DE MATO GROSSO DO SUL, por meio\nda Pró-Reitoria de Assuntos Estudan\x00s - Proaes, no uso de suas atribuições legais, e de acordo\ncom a Portaria MEC nº 389, de 9 de maio de 2013; a Portaria Sesu/MEC nº 9, de 9 de maio de\n2023; e a Portaria MEC nº 1.999, de 10 de novembro de 2023, torna público o presente Edital\nde cadastro de estudantes de graduação indígenas e quilombolas, matriculados na UFMS,\npara solicitação de Bolsa Permanência do MEC - BPMEC.\n \n1. DISPOSIÇÕES PRELIMINARES\n1.1. Este Edital tem como obje\x00vo estabelecer as normas para o cadastro de\nestudantes de graduação para a concessão de Bolsa Permanência pelo MEC - BPMEC,\nins\x00tuída pelas Portarias MEC n. 389, de 9 de maio de 2013, e 1.999, de 10 de novembro de\n2023.\n \n1.2. A Bolsa BPMEC de que trata este Edital refere-se à concessão de auxílio\nﬁnanceiro para estudantes indígenas e quilombolas, regularmente matriculados em cursos\npresenciais de graduação da UFMS.\n \n2. CRONOGRAMA\n2.1. O presente Edital tem ﬂuxo con\x00nuo e segue o cronograma abaixo:\nEtapa Data\nPublicação do Edital no Portal da Proaes e no Bole\x00m Oﬁcial da\nUFMS 5 de junho de 2024\nPeríodo de inscrições exclusivamente on-line no\nsite sisbp.mec.gov.br/primeiro-acesso\nde 5 de junho a 1º de\ndezembro de 2024\nPublicação do Edital com os cadastros aprovados, indeferidos e\nlista de espera até o dia 15 de cada mês\n \n3. DA DISPONIBILIDADE DE BOLSAS \n3.1. As bolsas serão disponibilizadas por meio de ﬂuxo con\x00nuo, respeitando a\nordem de aprovação de cadastro dos estudantes no Sistema de Gestão da Bolsa Permanência\n- SISBP e de acordo com a disponibilização de bolsas pelo MEC.\n \n3.2. O cadastro de cada estudante será aprovado pela UFMS, mediante o\natendimento de todos os documentos e regras estabelecidas pelo MEC e pela UFMS.\n \n3.3. Os estudantes inscritos terão o cadastro analisado de acordo com as regras\nda Bolsa Permanência, deﬁnidas pelas Portarias MEC n. 389/2013 e 1.999/2023.\n04/06/2024, 16:41 SEI/UFMS - 4881859 - Edital\nhttps://sei.ufms.br/sei/controlador.php?acao=documento_imprimir_web&acao_origem=arvore_visualizar&id_documento=5639852&infra_sistema… 1/3']",The period of inscriptions exclusively online is from 5th June to 1st December 2024.,single_hop_specifc_query_synthesizer
What is the deadline for inscribing in the Bolsa Permanência do MEC - BPMEC?,"['EDITAL PROAES/UFMS Nº 70, DE 4 DE JUNHO DE 2024.\nCADASTRO PARA BOLSA PERMANÊNCIA DO MEC PARA ESTUDANTES INDÍGENAS E\nQUILOMBOLAS NA GRADUAÇÃO - PROGRAMA BPMEC 2024\nA FUNDAÇÃO UNIVERSIDADE FEDERAL DE MATO GROSSO DO SUL, por meio\nda Pró-Reitoria de Assuntos Estudan\x00s - Proaes, no uso de suas atribuições legais, e de acordo\ncom a Portaria MEC nº 389, de 9 de maio de 2013; a Portaria Sesu/MEC nº 9, de 9 de maio de\n2023; e a Portaria MEC nº 1.999, de 10 de novembro de 2023, torna público o presente Edital\nde cadastro de estudantes de graduação indígenas e quilombolas, matriculados na UFMS,\npara solicitação de Bolsa Permanência do MEC - BPMEC.\n \n1. DISPOSIÇÕES PRELIMINARES\n1.1. Este Edital tem como obje\x00vo estabelecer as normas para o cadastro de\nestudantes de graduação para a concessão de Bolsa Permanência pelo MEC - BPMEC,\nins\x00tuída pelas Portarias MEC n. 389, de 9 de maio de 2013, e 1.999, de 10 de novembro de\n2023.\n \n1.2. A Bolsa BPMEC de que trata este Edital refere-se à concessão de auxílio\nﬁnanceiro para estudantes indígenas e quilombolas, regularmente matriculados em cursos\npresenciais de graduação da UFMS.\n \n2. CRONOGRAMA\n2.1. O presente Edital tem ﬂuxo con\x00nuo e segue o cronograma abaixo:\nEtapa Data\nPublicação do Edital no Portal da Proaes e no Bole\x00m Oﬁcial da\nUFMS 5 de junho de 2024\nPeríodo de inscrições exclusivamente on-line no\nsite sisbp.mec.gov.br/primeiro-acesso\nde 5 de junho a 1º de\ndezembro de 2024\nPublicação do Edital com os cadastros aprovados, indeferidos e\nlista de espera até o dia 15 de cada mês\n \n3. DA DISPONIBILIDADE DE BOLSAS \n3.1. As bolsas serão disponibilizadas por meio de ﬂuxo con\x00nuo, respeitando a\nordem de aprovação de cadastro dos estudantes no Sistema de Gestão da Bolsa Permanência\n- SISBP e de acordo com a disponibilização de bolsas pelo MEC.\n \n3.2. O cadastro de cada estudante será aprovado pela UFMS, mediante o\natendimento de todos os documentos e regras estabelecidas pelo MEC e pela UFMS.\n \n3.3. Os estudantes inscritos terão o cadastro analisado de acordo com as regras\nda Bolsa Permanência, deﬁnidas pelas Portarias MEC n. 389/2013 e 1.999/2023.\n04/06/2024, 16:41 SEI/UFMS - 4881859 - Edital\nhttps://sei.ufms.br/sei/controlador.php?acao=documento_imprimir_web&acao_origem=arvore_visualizar&id_documento=5639852&infra_sistema… 1/3']",The period of inscriptions exclusively online is from 5th June to 1st December 2024.,single_hop_specifc_query_synthesizer
What are the conditions for getting and keeping the MEC scholarship?,"['3.4. A lista de espera será deﬁnida pela ordem de cadastro aprovado e\npermanecerá para o atendimento por meio da liberação de novas vagas pelo MEC.\n \n4. PROCEDIMENTOS E CONDIÇÕES PARA CONCESSÃO  E PERMANÊNCIA DA\nBOLSA\n4.1. São critérios para a concessão da Bolsa Permanência do MEC:\na) ser indígena ou quilombola, com comprovação de pertencimento étnico e de\nresidência em Comunidade Indígena ou Quilombola;\nb) estar regularmente matriculado em curso de graduação presencial;\nc) não ultrapassar dois semestres do tempo regulamentar de \x00tulação do curso\nde graduação;\nd) concluir com aprovação de, no mínimo, cinquenta por cento da carga horária\ntotal das disciplinas ofertadas para sua turma do curso, no semestre anterior; e \ne) não ter concluído curso superior.\n \n5. DAS INSCRIÇÕES\n5.1. Os estudantes indígenas e quilombolas, de graduação presencial, deverão\ninscrever exclusivamente pelo site sisbp.mec.gov.br/primeiro-acesso e anexar os seguintes\ndocumentos disponíveis no site proaes.ufms.br/coordenadorias/diiest/seaaf/bolsa-\npermanencia-do-mec:       \na) Autodeclaração assinada;\nb) Declaração de Pertencimento Étnico assinada;\nc) Declaração de Endereço em Comunidade Indígena ou Quilombola; e\nd) Termo de Compromisso do Bolsista.\n \n5.2. Os cadastros entrarão na lista de espera, organizada por data de cadastro e\nserão analisados de acordo com a disponibilidade de vagas.\n \n5.3. Os editais de resultado do cadastro, com a situação de deferido, indeferido,\nem pendência ou excluído, bem como a lista de espera, serão publicados mensalmente.\n \n5.4. Os estudantes serão contatados por e-mail, caso haja pendência ou erro na\ndocumentação.\n \n6. SUSPENSÃO DA BOLSA\n6.1. O estudante será desligado do BPMEC e/ou terá o cadastro ﬁnalizado no\nSISBP nas seguintes situações acadêmicas:\na) trancamento de matrícula;\nb) matrícula automá\x00ca;\nc) diplomação;\nd) desistência do curso;\n04/06/2024, 16:41 SEI/UFMS - 4881859 - Edital\nhttps://sei.ufms.br/sei/controlador.php?acao=documento_imprimir_web&acao_origem=arvore_visualizar&id_documento=5639852&infra_sistema… 2/3']","The criteria for granting the MEC Scholarship Permanence are: a) being indigenous or quilombola, with proof of ethnic belonging and residence in an Indigenous Community or Quilombo; b) being regularly enrolled in a presential undergraduate course; c) not exceeding two semesters of the regular period of study of the undergraduate course; d) completing with approval of at least fifty percent of the total hours offered for their class of the undergraduate course, in the previous semester; and e) not having completed higher education.",single_hop_specifc_query_synthesizer
What are the conditions for getting a Bolsa Permanência do MEC?,"['3.4. A lista de espera será deﬁnida pela ordem de cadastro aprovado e\npermanecerá para o atendimento por meio da liberação de novas vagas pelo MEC.\n \n4. PROCEDIMENTOS E CONDIÇÕES PARA CONCESSÃO  E PERMANÊNCIA DA\nBOLSA\n4.1. São critérios para a concessão da Bolsa Permanência do MEC:\na) ser indígena ou quilombola, com comprovação de pertencimento étnico e de\nresidência em Comunidade Indígena ou Quilombola;\nb) estar regularmente matriculado em curso de graduação presencial;\nc) não ultrapassar dois semestres do tempo regulamentar de \x00tulação do curso\nde graduação;\nd) concluir com aprovação de, no mínimo, cinquenta por cento da carga horária\ntotal das disciplinas ofertadas para sua turma do curso, no semestre anterior; e \ne) não ter concluído curso superior.\n \n5. DAS INSCRIÇÕES\n5.1. Os estudantes indígenas e quilombolas, de graduação presencial, deverão\ninscrever exclusivamente pelo site sisbp.mec.gov.br/primeiro-acesso e anexar os seguintes\ndocumentos disponíveis no site proaes.ufms.br/coordenadorias/diiest/seaaf/bolsa-\npermanencia-do-mec:       \na) Autodeclaração assinada;\nb) Declaração de Pertencimento Étnico assinada;\nc) Declaração de Endereço em Comunidade Indígena ou Quilombola; e\nd) Termo de Compromisso do Bolsista.\n \n5.2. Os cadastros entrarão na lista de espera, organizada por data de cadastro e\nserão analisados de acordo com a disponibilidade de vagas.\n \n5.3. Os editais de resultado do cadastro, com a situação de deferido, indeferido,\nem pendência ou excluído, bem como a lista de espera, serão publicados mensalmente.\n \n5.4. Os estudantes serão contatados por e-mail, caso haja pendência ou erro na\ndocumentação.\n \n6. SUSPENSÃO DA BOLSA\n6.1. O estudante será desligado do BPMEC e/ou terá o cadastro ﬁnalizado no\nSISBP nas seguintes situações acadêmicas:\na) trancamento de matrícula;\nb) matrícula automá\x00ca;\nc) diplomação;\nd) desistência do curso;\n04/06/2024, 16:41 SEI/UFMS - 4881859 - Edital\nhttps://sei.ufms.br/sei/controlador.php?acao=documento_imprimir_web&acao_origem=arvore_visualizar&id_documento=5639852&infra_sistema… 2/3']","São critérios para a concessão da Bolsa Permanência do MEC: a) ser indígena ou quilombola, com comprovação de pertencimento étnico e de residência em Comunidade Indígena ou Quilombola; b) estar regularmente matriculado em curso de graduação presencial; c) não ultrapassar dois semestres do tempo regulamentar de tulação do curso de graduação; d) concluir com aprovação de, no mínimo, cinquenta por cento da carga horária total das disciplinas ofertadas para sua turma do curso, no semestre anterior; e) não ter concluído curso superior.",single_hop_specifc_query_synthesizer
What are the reasons for exclusion from a course at the university?,"['e) conclusão do curso de graduação;\nf) exclusão do curso;\ng) movimentação interna de curso;\nh) ultrapassar dois semestres do período regular do curso; e \ni) constatação de falsidade de documento e/ou informação prestada pelo\nestudante.\n \n7. DISPOSIÇÕES GERAIS \n7.1. As informações prestadas são de inteira responsabilidade do estudante. \n7.2. A informação falsa fornecida pela estudante acarretará no cancelamento\ndo cadastro e/ou da bolsa, além da aplicação das sanções administra\x00vas, civis e criminais\ncabíveis, observados o contraditório e a ampla defesa.\n7.3. Esclarecimentos e informações adicionais poderão ser ob\x00das por correio\neletrônico para seaaf.proaes@ufms.br, com o assunto ""BOLSA PERMANÊNCIA DO MEC"". \n7.4. Os casos omissos neste Edital serão resolvidos pela Pró-Reitoria de\nAssuntos Estudan\x00s - Proaes, observados os princípios e normas legais vigentes.\nALBERT SCHIAVETO DE SOUZA,\nPró-Reitor de Assuntos Estudan\x00s.\nDocumento assinado eletronicamente por Albert Schiaveto\nde Souza, Pró-Reitor(a), em 04/06/2024, às 16:38, conforme\nhorário oﬁcial de Mato Grosso do Sul, com fundamento no §\n3º do art. 4º do Decreto nº 10.543, de 13 de novembro de\n2020.\nA auten\x00cidade deste documento pode ser conferida no site\nh\x00ps://sei.ufms.br/sei/controlador_externo.php?\nacao=documento_conferir&id_orgao_acesso_externo=0, informando o código\nveriﬁcador 4881859 e o código CRC 1E9DB598.\nGABINETE DA PRÓ-REITORIA DE ASSUNTOS ESTUDANTIS\nAv Costa e Silva, s/nº - Cidade Universitária\nFone: \nCEP 79070-900 - Campo Grande - MS\nReferência: Processo nº 23104.001033/2024-90 SEI nº 4881859\n04/06/2024, 16:41 SEI/UFMS - 4881859 - Edital\nhttps://sei.ufms.br/sei/controlador.php?acao=documento_imprimir_web&acao_origem=arvore_visualizar&id_documento=5639852&infra_sistema… 3/3']",The reasons for exclusion from a course include exclusão do curso; ultrapassar dois semestres do período regular do curso; e constatação de falsidade de documento e/ou informação prestada pelo estudante.,single_hop_specifc_query_synthesizer
What are the reasons for exclusion from a course at the university?,"['e) conclusão do curso de graduação;\nf) exclusão do curso;\ng) movimentação interna de curso;\nh) ultrapassar dois semestres do período regular do curso; e \ni) constatação de falsidade de documento e/ou informação prestada pelo\nestudante.\n \n7. DISPOSIÇÕES GERAIS \n7.1. As informações prestadas são de inteira responsabilidade do estudante. \n7.2. A informação falsa fornecida pela estudante acarretará no cancelamento\ndo cadastro e/ou da bolsa, além da aplicação das sanções administra\x00vas, civis e criminais\ncabíveis, observados o contraditório e a ampla defesa.\n7.3. Esclarecimentos e informações adicionais poderão ser ob\x00das por correio\neletrônico para seaaf.proaes@ufms.br, com o assunto ""BOLSA PERMANÊNCIA DO MEC"". \n7.4. Os casos omissos neste Edital serão resolvidos pela Pró-Reitoria de\nAssuntos Estudan\x00s - Proaes, observados os princípios e normas legais vigentes.\nALBERT SCHIAVETO DE SOUZA,\nPró-Reitor de Assuntos Estudan\x00s.\nDocumento assinado eletronicamente por Albert Schiaveto\nde Souza, Pró-Reitor(a), em 04/06/2024, às 16:38, conforme\nhorário oﬁcial de Mato Grosso do Sul, com fundamento no §\n3º do art. 4º do Decreto nº 10.543, de 13 de novembro de\n2020.\nA auten\x00cidade deste documento pode ser conferida no site\nh\x00ps://sei.ufms.br/sei/controlador_externo.php?\nacao=documento_conferir&id_orgao_acesso_externo=0, informando o código\nveriﬁcador 4881859 e o código CRC 1E9DB598.\nGABINETE DA PRÓ-REITORIA DE ASSUNTOS ESTUDANTIS\nAv Costa e Silva, s/nº - Cidade Universitária\nFone: \nCEP 79070-900 - Campo Grande - MS\nReferência: Processo nº 23104.001033/2024-90 SEI nº 4881859\n04/06/2024, 16:41 SEI/UFMS - 4881859 - Edital\nhttps://sei.ufms.br/sei/controlador.php?acao=documento_imprimir_web&acao_origem=arvore_visualizar&id_documento=5639852&infra_sistema… 3/3']",The reasons for exclusion from a course include exclusão do curso; ultrapassar dois semestres do período regular do curso; e constatação de falsidade de documento e/ou informação prestada pelo estudante.,single_hop_specifc_query_synthesizer
What is the purpose of this edital and what are the requirements for students to be eligible for the bolsas permanência?,"['EDITAL PROAES/PROGRAD/PROPP/UFMS N° 9, DE 27 DE JUNHO DE 2024.\nSELEÇÃO PARA CONCESSÃO DE BOLSAS PERMANÊNCIA PARA\nESTUDANTES NEGROS DOS CURSOS DE GRADUAÇÃO E DE MESTRADO E\nDOUTORADO DA UFMS\nUFMS/CARREFOUR - 2024\nA FUNDAÇÃO UNIVERSIDADE FEDERAL DE MATO\nGROSSO DO SUL\n, por intermédio da Pró-Reitoria de Assuntos Estudantis –\nProaes, Pró-Reitoria de  Graduação – Prograd, e da Pró-Reitoria de Pós-\nGraduação - Propp, com apoio do Carrefour Comércio e Indústria LTDA, em\nfunção do Processo nº 23104.005154/2023-30, torna pública a abertura de\ninscrições para seleção de estudantes negros matriculados em cursos de\ngraduação e de pós-graduação \nstricto sensu\n (mestrado e doutorado) da\nUFMS, para o ano de 2024, para percepção de Auxílio Permanência por\nmeio do Grupo Carrefour - Instituição Gestora Sitawi, conforme as\ndisposições deste Edital.\n \n1.\n \nDISPOSIÇÕES PRELIMINARES\n1.1. O presente Edital tem como objetivo a seleção estudantes\nnegras e negros, de cursos de graduação e de mestrado e de doutorado da\nUFMS, para concessão de Bolsas permanência, com início no primeiro\nsemestre letivo de 2024.\n \n1.2. Haverá concessão de bolsas mensais de permanência,\nobjeto deste Edital, para os cursos de graduação e de mestrado e\ndoutorado previamente selecionados pelo Carrefour, com objetivo de\nestímulo nas áreas do conhecimento historicamente com baixa\nrepresentatividade da população negra, seguindo critérios detalhados nas\ncláusulas subsequentes.\n \n1.3. Os cursos foram escolhidos pela concedente Carrefour, de\nacordo com o especiﬁcado no item 1.2 do Edital, tendo a UFMS cadastrado\na totalidade dos cursos de graduação e de mestrado e de doutorado da\nUFMS.\n \n1.4. Estudantes beneﬁciados com bolsas da CAPES, FAPESP e\nCNPq não poderão acumular Bolsas no presente programa, sendo\nnecessária, caso aprovação neste processo, a escolha por uma das bolsas.\n \n2. CRONOGRAMA\n2.1. O presente Edital segue o cronograma abaixo:\nEdital GAB/PROAES 4924243         SEI 23104.008515/2024-71 / pg. 1\n28/06/2024\nN° 8323\nPg. 302']","The present Edital has as its objective the selection of black students and blacks, from undergraduate and graduate courses (master's and doctorate) of UFMS, for the concession of Bolsas permanência, with starting in the first semester letivo of 2024.",single_hop_specifc_query_synthesizer
What is the purpose of this edital?,"['EDITAL PROAES/PROGRAD/PROPP/UFMS N° 9, DE 27 DE JUNHO DE 2024.\nSELEÇÃO PARA CONCESSÃO DE BOLSAS PERMANÊNCIA PARA\nESTUDANTES NEGROS DOS CURSOS DE GRADUAÇÃO E DE MESTRADO E\nDOUTORADO DA UFMS\nUFMS/CARREFOUR - 2024\nA FUNDAÇÃO UNIVERSIDADE FEDERAL DE MATO\nGROSSO DO SUL\n, por intermédio da Pró-Reitoria de Assuntos Estudantis –\nProaes, Pró-Reitoria de  Graduação – Prograd, e da Pró-Reitoria de Pós-\nGraduação - Propp, com apoio do Carrefour Comércio e Indústria LTDA, em\nfunção do Processo nº 23104.005154/2023-30, torna pública a abertura de\ninscrições para seleção de estudantes negros matriculados em cursos de\ngraduação e de pós-graduação \nstricto sensu\n (mestrado e doutorado) da\nUFMS, para o ano de 2024, para percepção de Auxílio Permanência por\nmeio do Grupo Carrefour - Instituição Gestora Sitawi, conforme as\ndisposições deste Edital.\n \n1.\n \nDISPOSIÇÕES PRELIMINARES\n1.1. O presente Edital tem como objetivo a seleção estudantes\nnegras e negros, de cursos de graduação e de mestrado e de doutorado da\nUFMS, para concessão de Bolsas permanência, com início no primeiro\nsemestre letivo de 2024.\n \n1.2. Haverá concessão de bolsas mensais de permanência,\nobjeto deste Edital, para os cursos de graduação e de mestrado e\ndoutorado previamente selecionados pelo Carrefour, com objetivo de\nestímulo nas áreas do conhecimento historicamente com baixa\nrepresentatividade da população negra, seguindo critérios detalhados nas\ncláusulas subsequentes.\n \n1.3. Os cursos foram escolhidos pela concedente Carrefour, de\nacordo com o especiﬁcado no item 1.2 do Edital, tendo a UFMS cadastrado\na totalidade dos cursos de graduação e de mestrado e de doutorado da\nUFMS.\n \n1.4. Estudantes beneﬁciados com bolsas da CAPES, FAPESP e\nCNPq não poderão acumular Bolsas no presente programa, sendo\nnecessária, caso aprovação neste processo, a escolha por uma das bolsas.\n \n2. CRONOGRAMA\n2.1. O presente Edital segue o cronograma abaixo:\nEdital GAB/PROAES 4924243         SEI 23104.008515/2024-71 / pg. 1\n28/06/2024\nN° 8323\nPg. 302']","The present Edital has as its objective the selection of black students and black, of courses of graduation and of mestrado and doutorado da UFMS, for the concession of Bolsas permanência.",single_hop_specifc_query_synthesizer
What is the deadline for submitting resources administratively in this university notice?,"['Etapas\nPeríodo\nPublicação e Divulgação do Edital no\nportal da\nUFMS e Boletim Oficial\n28 de junho de 2024\nPeríodo de inscrição \non-line \nno Sigproj\nde 4 de julho a 10 de dezembro de 2024\nDivulgação do resultado preliminar\ndos\nhabilitados\naté 30 dias após a submissão\nPeríodo dos recursos administrativos\naté 3 dias após o resultado preliminar\nDivulgação dos resultados dos\nrecursos e resultado final dos\nestudantes contemplados\naté 5 dias após a interposição do recurso\nPrevisão para início da concessão da\nbolsa\napós assinatura do Termo de Compromisso\ndo estudante selecionado\n \n3. DAS VAGAS\n3.1. Ao todo serão ofertadas \nseis vagas\n distribuídas entre os\ncursos de graduação (três vagas) e de mestrado (três vagas), conforme\nquadro abaixo:\nCursos de Graduação\nNúmero de Bolsas\nAdministração - CPAN\nCR*\nCiências Biológicas - CPAN\n1 + CR*\nAdministração - CPTL\nCR*\nDireito - CPTL\nCR*\nCiência da Computação - Facom\n1 + CR*\nCiências Econômicas - Esan\nCR*\nDireito - Fadir\nCR*\nEngenharia da Computação - Facom\n1 + CR*\nEngenharia Civil - Faeng\nCR*\nOdontologia - Faodo\nCR*\nCursos de Pós-Graduação Stricto Sensu\nNúmero de Bolsas\nMestrado em Administração - Esan\nCR*\nMestrado em Ciências dos Materiais - Infi\n2 + CR*\nMestrado em Comunicação - Faalc\nCR*\nMestrado em Educação- Faed\nCR*\nMestrado em Enfermagem - Inisa\n1 + CR*\nMestrado em Estudos Culturais - CPAQ\nCR*\nMestrado Profissional em Filosofia - Fach\nCR*\nDoutorado em Administração - Esan\nCR*\nCR*: Cadastro Reserva\n \n4. DAS BOLSAS\n4.1. As Bolsas serão custeadas pelo Grupo Carrefour e serão:\na) para graduação, no valor  de R$ 1.000,00/mês (valor\nbruto, sujeito à dedução de eventuais impostos devidos);\nb) para mestrado , no valor de R$ 3.500,00/mês (valor\nbruto, sujeito à dedução de eventuais impostos devidos); e\nEdital GAB/PROAES 4924243         SEI 23104.008515/2024-71 / pg. 2\n28/06/2024\nN° 8323\nPg. 303']",The period for administrative resources is until 3 days after the preliminary result.,single_hop_specifc_query_synthesizer
What is the deadline for the period of inscription online on Sigproj?,"['Etapas\nPeríodo\nPublicação e Divulgação do Edital no\nportal da\nUFMS e Boletim Oficial\n28 de junho de 2024\nPeríodo de inscrição \non-line \nno Sigproj\nde 4 de julho a 10 de dezembro de 2024\nDivulgação do resultado preliminar\ndos\nhabilitados\naté 30 dias após a submissão\nPeríodo dos recursos administrativos\naté 3 dias após o resultado preliminar\nDivulgação dos resultados dos\nrecursos e resultado final dos\nestudantes contemplados\naté 5 dias após a interposição do recurso\nPrevisão para início da concessão da\nbolsa\napós assinatura do Termo de Compromisso\ndo estudante selecionado\n \n3. DAS VAGAS\n3.1. Ao todo serão ofertadas \nseis vagas\n distribuídas entre os\ncursos de graduação (três vagas) e de mestrado (três vagas), conforme\nquadro abaixo:\nCursos de Graduação\nNúmero de Bolsas\nAdministração - CPAN\nCR*\nCiências Biológicas - CPAN\n1 + CR*\nAdministração - CPTL\nCR*\nDireito - CPTL\nCR*\nCiência da Computação - Facom\n1 + CR*\nCiências Econômicas - Esan\nCR*\nDireito - Fadir\nCR*\nEngenharia da Computação - Facom\n1 + CR*\nEngenharia Civil - Faeng\nCR*\nOdontologia - Faodo\nCR*\nCursos de Pós-Graduação Stricto Sensu\nNúmero de Bolsas\nMestrado em Administração - Esan\nCR*\nMestrado em Ciências dos Materiais - Infi\n2 + CR*\nMestrado em Comunicação - Faalc\nCR*\nMestrado em Educação- Faed\nCR*\nMestrado em Enfermagem - Inisa\n1 + CR*\nMestrado em Estudos Culturais - CPAQ\nCR*\nMestrado Profissional em Filosofia - Fach\nCR*\nDoutorado em Administração - Esan\nCR*\nCR*: Cadastro Reserva\n \n4. DAS BOLSAS\n4.1. As Bolsas serão custeadas pelo Grupo Carrefour e serão:\na) para graduação, no valor  de R$ 1.000,00/mês (valor\nbruto, sujeito à dedução de eventuais impostos devidos);\nb) para mestrado , no valor de R$ 3.500,00/mês (valor\nbruto, sujeito à dedução de eventuais impostos devidos); e\nEdital GAB/PROAES 4924243         SEI 23104.008515/2024-71 / pg. 2\n28/06/2024\nN° 8323\nPg. 303']",The period of inscription online on Sigproj is from 4 de julho to 10 de dezembro de 2024.,single_hop_specifc_query_synthesizer
What are the requirements for participation in the university's program?,"['c) Para doutorado, no valor de R$ 5.000,00/mês (valor\nbruto, sujeito à dedução de eventuais impostos devidos).\n \n5. DOS REQUISITOS PARA PARTICIPAÇÃO\n5.1. Para a inscrição, seguindo os requisitos necessários\ndefinidos pela Concedente, o candidato deve:\na) estar regularmente matriculado entre o primeiro e o\npenúltimo ano dos cursos de graduação ou  dos cursos de mestrado e\nde doutorado da UFMS;\nb) ter cursado o ensino médio em escola pública ou em\nescola privada com bolsa de estudo integral;\nc) ser oriundo de família com renda igual ou inferior a um\nsalário-mínimo e meio \nper capita\n;\nd) não ocupar cargo ou emprego público, ou estar vinculado\na qualquer empresa, que realize ou possam realizar auditorias e\natividades de fiscalização no Grupo Carrefour;\ne) estar habilitado em processo de heteroidentificação; e\nf) possuir o perﬁl do estudante atualizado, incluindo o\nupload do CadÚnico.\n \n5.2. O procedimento de heteroidentiﬁcação já realizado para\ningresso no curso de graduação ou de programa de pós-graduação da\nUFMS é válido para este fim, sendo predominante o resultado obtido.\n \n5.3. Caso o candidato não tenha sido submetido ao\nprocedimento indicado no item 5.2., por ter ingressado em ampla\nconcorrência ou em vaga reservada diversa, deverá, no ato da inscrição,\napresentar autodeclaração - foto e vídeo de acordo com orientações dos\nAnexos I e II, a qual será veriﬁcada por Banca de Veriﬁcação da Veracidade\nde Autodeclaração.\n \n6. DAS INSCRIÇÕES\n6.1. Os interessados em concorrer às vagas oferecidas pelo\npresente Edital deverão efetuar sua inscrição \non-line\n no Sistema de\nInformação de Projetos da UFMS (SIGProj), no endereço eletrônico\nsigproj.ufms.br\n, até o período deﬁnido no Cronograma deste Edital (item 2),\ncom o preenchimento da ﬁcha de inscrição, e inclusão dos seguintes\ndocumentos:\na) Autodeclaração, \nlink\n do vídeo e foto conforme disposto\nno Anexo I deste Edital, caso não tenha sido submetido ao processo de\nheteroidentificação na UFMS;\nb) Folha Resumo do CadÚnico;\nc) Cópia do RG e CPF;\nd) Comprovante de matrícula 2024.1 ou 2024.2, se iniciado\no semestre letivo; e\nEdital GAB/PROAES 4924243         SEI 23104.008515/2024-71 / pg. 3\n28/06/2024\nN° 8323\nPg. 304']","The candidate must be regularly enrolled between the first and penultimate year of undergraduate or graduate studies at UFMS, have attended public school or private school with full scholarship, be from a family with income equal to or less than one and a half minimum wages per capita, not occupy a public job or be linked to any company that performs or may perform audits and inspection activities in the Carrefour Group, be eligible for heteroidentification, and have an updated student profile including the upload of CadÚnico.",single_hop_specifc_query_synthesizer
What are the requirements for participation in the university notice?,"['c) Para doutorado, no valor de R$ 5.000,00/mês (valor\nbruto, sujeito à dedução de eventuais impostos devidos).\n \n5. DOS REQUISITOS PARA PARTICIPAÇÃO\n5.1. Para a inscrição, seguindo os requisitos necessários\ndefinidos pela Concedente, o candidato deve:\na) estar regularmente matriculado entre o primeiro e o\npenúltimo ano dos cursos de graduação ou  dos cursos de mestrado e\nde doutorado da UFMS;\nb) ter cursado o ensino médio em escola pública ou em\nescola privada com bolsa de estudo integral;\nc) ser oriundo de família com renda igual ou inferior a um\nsalário-mínimo e meio \nper capita\n;\nd) não ocupar cargo ou emprego público, ou estar vinculado\na qualquer empresa, que realize ou possam realizar auditorias e\natividades de fiscalização no Grupo Carrefour;\ne) estar habilitado em processo de heteroidentificação; e\nf) possuir o perﬁl do estudante atualizado, incluindo o\nupload do CadÚnico.\n \n5.2. O procedimento de heteroidentiﬁcação já realizado para\ningresso no curso de graduação ou de programa de pós-graduação da\nUFMS é válido para este fim, sendo predominante o resultado obtido.\n \n5.3. Caso o candidato não tenha sido submetido ao\nprocedimento indicado no item 5.2., por ter ingressado em ampla\nconcorrência ou em vaga reservada diversa, deverá, no ato da inscrição,\napresentar autodeclaração - foto e vídeo de acordo com orientações dos\nAnexos I e II, a qual será veriﬁcada por Banca de Veriﬁcação da Veracidade\nde Autodeclaração.\n \n6. DAS INSCRIÇÕES\n6.1. Os interessados em concorrer às vagas oferecidas pelo\npresente Edital deverão efetuar sua inscrição \non-line\n no Sistema de\nInformação de Projetos da UFMS (SIGProj), no endereço eletrônico\nsigproj.ufms.br\n, até o período deﬁnido no Cronograma deste Edital (item 2),\ncom o preenchimento da ﬁcha de inscrição, e inclusão dos seguintes\ndocumentos:\na) Autodeclaração, \nlink\n do vídeo e foto conforme disposto\nno Anexo I deste Edital, caso não tenha sido submetido ao processo de\nheteroidentificação na UFMS;\nb) Folha Resumo do CadÚnico;\nc) Cópia do RG e CPF;\nd) Comprovante de matrícula 2024.1 ou 2024.2, se iniciado\no semestre letivo; e\nEdital GAB/PROAES 4924243         SEI 23104.008515/2024-71 / pg. 3\n28/06/2024\nN° 8323\nPg. 304']","The candidate must be regularly enrolled between the first and penultimate year of undergraduate or graduate courses, have attended public school or private school with full scholarship, be from a family with income equal to or less than one and a half minimum wages per capita, not occupy a public job or be linked to any company that performs or may perform audits and inspection activities in the Carrefour Group, be eligible in the heteroidentification process, and have an updated student profile including the upload of CadÚnico.",single_hop_specifc_query_synthesizer
What documents are required for the student to be eligible for the university notice?,"['e) Comprovante ou Certiﬁcado de Conclusão do Ensino\nMédio em escola pública ou privada com bolsa de estudo integral.\n \n6.2. O correto preenchimento da Ficha de Inscrição e a inclusão\ndos documentos são de inteira responsabilidade do estudante.\n \n6.3. A inscrição implicará no seu declarado conhecimento e\ntácita aceitação das regras, exigências e condições estabelecidas neste\nEdital.\n \n7. DO PROCESSO SELETIVO, CLASSIFICAÇÃO, CRITÉRIOS\nDE DESEMPATE, RESULTADO E RECURSO\n7.1. Os inscritos serão classiﬁcados de acordo com distribuição\nde vagas descrita no item 3.1 deste Edital.\n \n7.2. Os critérios para classiﬁcação dos inscritos seguirão os\nindicadores de renda \nper capita\n, de acordo com a pontuação do quadro\ndo item 7.3, tendo maior pontuação os candidatos com menor renda \nper\ncapita\n.\n \n7.3. Renda \nPer Capita\n (RPC): A pontuação, conforme quadro\nabaixo, corresponderá à renda \nper capita\n familiar constante na folha\nresumo do Cadastro Único (CadÚnico) do Governo Federal, que deverá\nestar registrada no perﬁl do estudante no Siscad, para graduação, e no\nSigpós, para pós-graduação.\n \nPontuação por Renda \nPer Capita\n (RPC):\nRenda Per Capita\n(RPC)\nPontuação\naté meio salário mínimo\nvigente\n10\nentre meio e um salário\nmínimo vigente\n5\nentre um e um e meio\nsalário mínimo vigente\n0\n \n7.4. Serão critérios utilizados em caso de empate na pontuação:\na) menor renda familiar;\nb) notas  de ingresso (Enem, Vestibular, Classiﬁcação ﬁnal\nno vestibular, Doutorado, Mestrado e etc.); e\nc) maior Índice de Rendimento Acadêmico.\n \n7.5. A Proaes será responsável por homologar o resultado\nfinal, por meio de Edital.\nEdital GAB/PROAES 4924243         SEI 23104.008515/2024-71 / pg. 4\n28/06/2024\nN° 8323\nPg. 305']",The student needs to provide a Comprovante or Certificado de Conclusão do Ensino Médio in escola pública ou privada com bolsa de estudo integral.,single_hop_specifc_query_synthesizer
What documents are required for university enrollment?,"['e) Comprovante ou Certiﬁcado de Conclusão do Ensino\nMédio em escola pública ou privada com bolsa de estudo integral.\n \n6.2. O correto preenchimento da Ficha de Inscrição e a inclusão\ndos documentos são de inteira responsabilidade do estudante.\n \n6.3. A inscrição implicará no seu declarado conhecimento e\ntácita aceitação das regras, exigências e condições estabelecidas neste\nEdital.\n \n7. DO PROCESSO SELETIVO, CLASSIFICAÇÃO, CRITÉRIOS\nDE DESEMPATE, RESULTADO E RECURSO\n7.1. Os inscritos serão classiﬁcados de acordo com distribuição\nde vagas descrita no item 3.1 deste Edital.\n \n7.2. Os critérios para classiﬁcação dos inscritos seguirão os\nindicadores de renda \nper capita\n, de acordo com a pontuação do quadro\ndo item 7.3, tendo maior pontuação os candidatos com menor renda \nper\ncapita\n.\n \n7.3. Renda \nPer Capita\n (RPC): A pontuação, conforme quadro\nabaixo, corresponderá à renda \nper capita\n familiar constante na folha\nresumo do Cadastro Único (CadÚnico) do Governo Federal, que deverá\nestar registrada no perﬁl do estudante no Siscad, para graduação, e no\nSigpós, para pós-graduação.\n \nPontuação por Renda \nPer Capita\n (RPC):\nRenda Per Capita\n(RPC)\nPontuação\naté meio salário mínimo\nvigente\n10\nentre meio e um salário\nmínimo vigente\n5\nentre um e um e meio\nsalário mínimo vigente\n0\n \n7.4. Serão critérios utilizados em caso de empate na pontuação:\na) menor renda familiar;\nb) notas  de ingresso (Enem, Vestibular, Classiﬁcação ﬁnal\nno vestibular, Doutorado, Mestrado e etc.); e\nc) maior Índice de Rendimento Acadêmico.\n \n7.5. A Proaes será responsável por homologar o resultado\nfinal, por meio de Edital.\nEdital GAB/PROAES 4924243         SEI 23104.008515/2024-71 / pg. 4\n28/06/2024\nN° 8323\nPg. 305']","The student needs to provide a Comprovante or Certificado de Conclusão do Ensino Médio, which is a certificate of completion of secondary education in a public or private school with full scholarship.",single_hop_specifc_query_synthesizer
Como solicitar recurso administrativo na universidade?,"['7.6. Para solicitar recurso administrativo, o estudante deverá\npreencher o formulário especíﬁco (Anexo III ou IV), e enviar por \ne-mail\npara \nsefi.proaes@ufms.br\n, com o título “Recurso - Ações Aﬁrmativas\nCarrefour”.\n \n7.7. O resultado do recurso administrativo será publicado,\ninformando o motivo do deferimento ou indeferimento.\n \n7.8.  Caso haja desistência ou o surgimento de novas vagas,\npoderão ser chamados os estudantes que estejam em lista de espera.\n \n8. CONDIÇÕES DAS BOLSAS\n8.1. A  bolsa será concedida semestralmente, com pagamentos\nmensais, e sua renovação se dará até a conclusão do curso, observadas as\nseguintes condições, a serem verificadas pela Instituição de Ensino:\na) o estudante selecionado deverá concluir o curso no prazo\nrecomendado pela UFMS, sendo que eventuais pedidos de prorrogação\nde prazo de conclusão não serão contemplados pelas bolsas de estudo\nobjeto deste Acordo;\nb) o estudante selecionado não poderá ser reprovado em\nnenhuma disciplina; e\nc) o estudante deverá obedecer à frequência mínima do\ncurso de graduação ou programa de pós-graduação exigida pela\nInstituição de Ensino.\n \n8.1.1. Havendo casos em que o estudante seja afastado devido\nà licença maternidade ou questões de saúde, a UFMS comunicará\nimediatamente a Instituição Gestora, para que sejam tomadas as\nprovidências necessárias para andamento da bolsa.\n \n8.2. A partir da seleção dos estudantes pela UFMS, o valor das\nbolsas de permanência será pago diretamente ao estudante pela Instituição\nGestora, mensalmente, com base nos relatórios periódicos a serem\nemitidos pela UFMS.\n \n8.3. Para ﬁns dos pagamentos estabelecidos na cláusula 8.2, a\nUFMS deverá disponibilizar, semestralmente, à Instituição Gestora, relatório\ncom os dados dos estudantes cujo desempenho e presença atendem aos\nrequisitos necessários da Instituição de Ensino, para continuidade do curso\nde graduação ou programa de pós-graduação, para ﬁns de continuidade do\nrepasse mensal dos valores e renovação semestral das bolsas.\n \n9. DA REVOGAÇÃO OU ANULAÇÃO DO EDITAL\n9.1. A qualquer tempo, este Edital poderá ser suspenso, no\ntodo ou em parte, seja por decisão unilateral da UFMS, por motivo de\nEdital GAB/PROAES 4924243         SEI 23104.008515/2024-71 / pg. 5\n28/06/2024\nN° 8323\nPg. 306']","Para solicitar recurso administrativo, o estudante deverá preencher o formulário especíﬁco (Anexo III ou IV), e enviar por e-mail para sefi.proaes@ufms.br, com o título “Recurso - Ações Aﬁrmativas Carrefour”.",single_hop_specifc_query_synthesizer
Como eu posso solicitar recurso administrativo na universidade?,"['7.6. Para solicitar recurso administrativo, o estudante deverá\npreencher o formulário especíﬁco (Anexo III ou IV), e enviar por \ne-mail\npara \nsefi.proaes@ufms.br\n, com o título “Recurso - Ações Aﬁrmativas\nCarrefour”.\n \n7.7. O resultado do recurso administrativo será publicado,\ninformando o motivo do deferimento ou indeferimento.\n \n7.8.  Caso haja desistência ou o surgimento de novas vagas,\npoderão ser chamados os estudantes que estejam em lista de espera.\n \n8. CONDIÇÕES DAS BOLSAS\n8.1. A  bolsa será concedida semestralmente, com pagamentos\nmensais, e sua renovação se dará até a conclusão do curso, observadas as\nseguintes condições, a serem verificadas pela Instituição de Ensino:\na) o estudante selecionado deverá concluir o curso no prazo\nrecomendado pela UFMS, sendo que eventuais pedidos de prorrogação\nde prazo de conclusão não serão contemplados pelas bolsas de estudo\nobjeto deste Acordo;\nb) o estudante selecionado não poderá ser reprovado em\nnenhuma disciplina; e\nc) o estudante deverá obedecer à frequência mínima do\ncurso de graduação ou programa de pós-graduação exigida pela\nInstituição de Ensino.\n \n8.1.1. Havendo casos em que o estudante seja afastado devido\nà licença maternidade ou questões de saúde, a UFMS comunicará\nimediatamente a Instituição Gestora, para que sejam tomadas as\nprovidências necessárias para andamento da bolsa.\n \n8.2. A partir da seleção dos estudantes pela UFMS, o valor das\nbolsas de permanência será pago diretamente ao estudante pela Instituição\nGestora, mensalmente, com base nos relatórios periódicos a serem\nemitidos pela UFMS.\n \n8.3. Para ﬁns dos pagamentos estabelecidos na cláusula 8.2, a\nUFMS deverá disponibilizar, semestralmente, à Instituição Gestora, relatório\ncom os dados dos estudantes cujo desempenho e presença atendem aos\nrequisitos necessários da Instituição de Ensino, para continuidade do curso\nde graduação ou programa de pós-graduação, para ﬁns de continuidade do\nrepasse mensal dos valores e renovação semestral das bolsas.\n \n9. DA REVOGAÇÃO OU ANULAÇÃO DO EDITAL\n9.1. A qualquer tempo, este Edital poderá ser suspenso, no\ntodo ou em parte, seja por decisão unilateral da UFMS, por motivo de\nEdital GAB/PROAES 4924243         SEI 23104.008515/2024-71 / pg. 5\n28/06/2024\nN° 8323\nPg. 306']","Para solicitar recurso administrativo, o estudante deverá preencher o formulário especíﬁco (Anexo III ou IV), e enviar por e-mail para sefi.proaes@ufms.br, com o título “Recurso - Ações Aﬁrmativas Carrefour”.",single_hop_specifc_query_synthesizer
What happens if I give up on the terms of this Edital without saying anything?,"['interesse público, decretos governamentais ou exigência legal, em decisão\nfundamentada, sem que isso implique direitos à indenização ou à\nreclamação de qualquer natureza.\n \n10. DA IMPUGNAÇÃO DO EDITAL\n10.1. Decairá do direito de impugnar os termos deste Edital\nperante à UFMS aquele que, o tendo aceitado sem objeção, venha apontar,\ndepois do julgamento, eventuais falhas ou irregularidades que o tenham\nviciado, hipótese em que tal comunicação não terá efeito de recurso.\n10.2. A impugnação deverá ser dirigida à Proaes, mediante\ndocumento formalizado e encaminhado por \ne- mail \nao\ngab.proaes@ufms.br\n.\n10.3. O estudante que aderir às condições apresentadas neste\nEdital não poderá arguir qualquer vício ou irregularidade, sendo a\napresentação de sua inscrição considerada como concordância irretratável\nnas condições aqui estabelecidas.\n \n11. DA CLÁUSULA DE RESERVA\n11.1. À Proaes, Prograd e Propp, reserva-se o direito de\narbitrar sobre os casos omissos e as situações não previstas no presente\nEdital.\n \n12. DISPOSIÇÕES GERAIS\n12.1. As informações prestadas e o cumprimento dos prazos\nsão de inteira responsabilidade do estudante.\n12.2. A informação falsa fornecida pelo estudante acarretará no\ncancelamento da bolsa, caso ainda não tenha ocorrido, além da aplicação\ndas sanções administrativas, civis e criminais cabíveis, observados o\ncontraditório e a ampla defesa.\n12.3. O pagamento das bolsas está condicionado ao repasse\nfinanceiro do Grupo Carrefour.\n12.4. Esclarecimentos e informações adicionais poderão ser\nobtidas por correio eletrônico para \nsefi.proaes@ufms.br\n, com o assunto\n""Edital Ações Afirmativas Carrefour"".\n12.5. Os casos omissos neste Edital serão resolvidos pela\nProaes, juntamente com a Prograd e a Propp, observados os princípios e\nnormas legais vigentes.\n \nALBERT SCHIAVETO DE SOUZA,\nPró-Reitor de Assuntos Estudantis.\n \nCRISTIANO COSTA ARGEMON VIEIRA,\nPró-Reitor de Graduação.\nEdital GAB/PROAES 4924243         SEI 23104.008515/2024-71 / pg. 6\n28/06/2024\nN° 8323\nPg. 307']","Decairá do direito de impugnar os termos deste Edital perante à UFMS aquele que, o tendo aceitado sem objeção, venha apontar, depois do julgamento, eventuais falhas ou irregularidades que o tenham viciado, hipótese em que tal comunicação não terá efeito de recurso.",single_hop_specifc_query_synthesizer
What are the consequences of providing false information as a student?,"['interesse público, decretos governamentais ou exigência legal, em decisão\nfundamentada, sem que isso implique direitos à indenização ou à\nreclamação de qualquer natureza.\n \n10. DA IMPUGNAÇÃO DO EDITAL\n10.1. Decairá do direito de impugnar os termos deste Edital\nperante à UFMS aquele que, o tendo aceitado sem objeção, venha apontar,\ndepois do julgamento, eventuais falhas ou irregularidades que o tenham\nviciado, hipótese em que tal comunicação não terá efeito de recurso.\n10.2. A impugnação deverá ser dirigida à Proaes, mediante\ndocumento formalizado e encaminhado por \ne- mail \nao\ngab.proaes@ufms.br\n.\n10.3. O estudante que aderir às condições apresentadas neste\nEdital não poderá arguir qualquer vício ou irregularidade, sendo a\napresentação de sua inscrição considerada como concordância irretratável\nnas condições aqui estabelecidas.\n \n11. DA CLÁUSULA DE RESERVA\n11.1. À Proaes, Prograd e Propp, reserva-se o direito de\narbitrar sobre os casos omissos e as situações não previstas no presente\nEdital.\n \n12. DISPOSIÇÕES GERAIS\n12.1. As informações prestadas e o cumprimento dos prazos\nsão de inteira responsabilidade do estudante.\n12.2. A informação falsa fornecida pelo estudante acarretará no\ncancelamento da bolsa, caso ainda não tenha ocorrido, além da aplicação\ndas sanções administrativas, civis e criminais cabíveis, observados o\ncontraditório e a ampla defesa.\n12.3. O pagamento das bolsas está condicionado ao repasse\nfinanceiro do Grupo Carrefour.\n12.4. Esclarecimentos e informações adicionais poderão ser\nobtidas por correio eletrônico para \nsefi.proaes@ufms.br\n, com o assunto\n""Edital Ações Afirmativas Carrefour"".\n12.5. Os casos omissos neste Edital serão resolvidos pela\nProaes, juntamente com a Prograd e a Propp, observados os princípios e\nnormas legais vigentes.\n \nALBERT SCHIAVETO DE SOUZA,\nPró-Reitor de Assuntos Estudantis.\n \nCRISTIANO COSTA ARGEMON VIEIRA,\nPró-Reitor de Graduação.\nEdital GAB/PROAES 4924243         SEI 23104.008515/2024-71 / pg. 6\n28/06/2024\nN° 8323\nPg. 307']","The provision of false information by the student will result in the cancellation of the scholarship, if it has not already occurred, and will also lead to the application of administrative, civil, and criminal sanctions, with due observance of the right to defense and appeal.",single_hop_specifc_query_synthesizer
Who is the Pró-Reitora of Pesquisa e Pós-Graduação?,"['MARIA LIGIA RODRIGUES MACEDO,\nPró-Reitora de Pesquisa e Pós-Graduação.\nDocumento assinado eletronicamente por\nAlbert Schiaveto de Souza\n, \nPró-Reitor(a)\n,\nem 27/06/2024, às 15:43, conforme horário\noficial de Mato Grosso do Sul, com\nfundamento no § 3º do art. 4º do \nDecreto nº\n10.543, de 13 de novembro de 2020\n.\nDocumento assinado eletronicamente por\nCristiano Costa Argemon Vieira\n, \nPró-\nReitor(a)\n, em 27/06/2024, às 16:33,\nconforme horário oficial de Mato Grosso do\nSul, com fundamento no § 3º do art. 4º do\nDecreto nº 10.543, de 13 de novembro de\n2020\n.\nDocumento assinado eletronicamente por\nMaria Ligia Rodrigues Macedo\n, \nPró-\nReitor(a)\n, em 27/06/2024, às 16:53,\nconforme horário oficial de Mato Grosso do\nSul, com fundamento no § 3º do art. 4º do\nDecreto nº 10.543, de 13 de novembro de\n2020\n.\nA autenticidade deste documento pode ser conferida no site\nhttps://sei.ufms.br/sei/controlador_externo.php?\nacao=documento_conferir&id_orgao_acesso_externo=0\n,\ninformando o código verificador \n4924243\n e o código CRC\nD8C9203F\n.\nGABINETE DA PRÓ-REITORIA DE ASSUNTOS ESTUDANTIS\nAv Costa e Silva, s/nº - Cidade Universitária\nFone: \nCEP 79070-900 - Campo Grande - MS\nReferência:\n Processo nº 23104.008515/2024-71\nSEI nº 4924243\nEdital GAB/PROAES 4924243         SEI 23104.008515/2024-71 / pg. 7\n28/06/2024\nN° 8323\nPg. 308']",MARIA LIGIA RODRIGUES MACEDO is the Pró-Reitora of Pesquisa e Pós-Graduação.,single_hop_specifc_query_synthesizer
What is the reference number for this document?,"['MARIA LIGIA RODRIGUES MACEDO,\nPró-Reitora de Pesquisa e Pós-Graduação.\nDocumento assinado eletronicamente por\nAlbert Schiaveto de Souza\n, \nPró-Reitor(a)\n,\nem 27/06/2024, às 15:43, conforme horário\noficial de Mato Grosso do Sul, com\nfundamento no § 3º do art. 4º do \nDecreto nº\n10.543, de 13 de novembro de 2020\n.\nDocumento assinado eletronicamente por\nCristiano Costa Argemon Vieira\n, \nPró-\nReitor(a)\n, em 27/06/2024, às 16:33,\nconforme horário oficial de Mato Grosso do\nSul, com fundamento no § 3º do art. 4º do\nDecreto nº 10.543, de 13 de novembro de\n2020\n.\nDocumento assinado eletronicamente por\nMaria Ligia Rodrigues Macedo\n, \nPró-\nReitor(a)\n, em 27/06/2024, às 16:53,\nconforme horário oficial de Mato Grosso do\nSul, com fundamento no § 3º do art. 4º do\nDecreto nº 10.543, de 13 de novembro de\n2020\n.\nA autenticidade deste documento pode ser conferida no site\nhttps://sei.ufms.br/sei/controlador_externo.php?\nacao=documento_conferir&id_orgao_acesso_externo=0\n,\ninformando o código verificador \n4924243\n e o código CRC\nD8C9203F\n.\nGABINETE DA PRÓ-REITORIA DE ASSUNTOS ESTUDANTIS\nAv Costa e Silva, s/nº - Cidade Universitária\nFone: \nCEP 79070-900 - Campo Grande - MS\nReferência:\n Processo nº 23104.008515/2024-71\nSEI nº 4924243\nEdital GAB/PROAES 4924243         SEI 23104.008515/2024-71 / pg. 7\n28/06/2024\nN° 8323\nPg. 308']",The reference number for this document is Processo nº 23104.008515/2024-71 and SEI nº 4924243.,single_hop_specifc_query_synthesizer
What are the requirements for participating in the verification process of the authenticity of a candidate's self-declaration as black or brown?,"['Pró-Reitoria de Assuntos Estudantis - Proaes \nCidade Universitária, s/n - Fone: (67) 3345-7822 \nCEP: 79070-900 - Campo Grande (MS) \nhttps://proaes.ufms.br \n \n \n \nANEXO I- ORIENTAÇÕES PARA PARTICIPAÇÃO EM BANCA DE VERIFICAÇÃO DA VERACIDADE DA \nAUTODECLARAÇÃO DE CANDIDATOS PRETOS OU PARDOS. \n(Edital Proaes/Prograd/Propp/UFMS nº 9, de 27 de junho de 2024.) \n \n1. O candidato que não passou por banca de verificação no ingresso da graduação ou pós \ngraduação deverá enviar no ato da inscrição para Bolsa permanência a autodeclaração de \npessoa preta ou parda, devidamente preenchida (Anexo II), uma fotografia e um vídeo, \nconforme especificações abaixo. \n2. A fotografia deverá ser individual, recente, em formato JPG, com tamanho máximo de 3 \nMB e obedecer às seguintes orientações: \na) frontal, tirada a 1,5 metro do candidato, sentado com as mãos abertas sobre os joelhos; \nb) o ambiente deverá estar bem iluminado e com o fundo branco; \nc) sem qualquer maquiagem; \nd) sem óculos escuros; \ne) sem chapéu, boné ou gorro; \nf) sem uso filtros de edição; e \ng) cabelo naturalmente solto e sem qualquer adereço. 2.1. Nomear o arquivo da foto com o \nnome do candidato e ano atual, por exemplo: “nome do candidato_ano”. \n3. O vídeo deverá ser individual, recente e obedecer às seguintes orientações: \na) caso seja gravado utilizando celular, o aparelho deverá ser mantido na posição horizontal; \nb) utilizar ambiente interno para gravação, com boa iluminação; \nc) evitar entrada de luz por trás da imagem; \nd) posicionar-se, preferencialmente, em local com fundo branco; \ne) sem qualquer maquiagem; \nf) sem óculos escuros; \ng) sem chapéu, boné ou gorro; \nh) sem uso de filtros de edição; \ni) se necessário, utilizar fone de ouvido; e \nj) cabelo naturalmente solto e sem qualquer adereço. \nAnexo Edital Proaes/Prograd/Propp nº 9/2024 (4924320)         SEI 23104.008515/2024-71 / pg. 8\n28/06/2024\nN° 8323\nPg. 309']","The candidate who did not pass through the verification board at the time of graduation or post-graduation entry must send, along with their registration for Bolsa permanência, the autodeclaração de pessoa preta ou parda (self-declaration of being a black or brown person), duly filled out (Anexo II), a photograph and a video, in accordance with the specifications below.",single_hop_specifc_query_synthesizer
What is the address of Pró-Reitoria de Assuntos Estudantis - Proaes?,"['Pró-Reitoria de Assuntos Estudantis - Proaes \nCidade Universitária, s/n - Fone: (67) 3345-7822 \nCEP: 79070-900 - Campo Grande (MS) \nhttps://proaes.ufms.br \n \n \n \nANEXO I- ORIENTAÇÕES PARA PARTICIPAÇÃO EM BANCA DE VERIFICAÇÃO DA VERACIDADE DA \nAUTODECLARAÇÃO DE CANDIDATOS PRETOS OU PARDOS. \n(Edital Proaes/Prograd/Propp/UFMS nº 9, de 27 de junho de 2024.) \n \n1. O candidato que não passou por banca de verificação no ingresso da graduação ou pós \ngraduação deverá enviar no ato da inscrição para Bolsa permanência a autodeclaração de \npessoa preta ou parda, devidamente preenchida (Anexo II), uma fotografia e um vídeo, \nconforme especificações abaixo. \n2. A fotografia deverá ser individual, recente, em formato JPG, com tamanho máximo de 3 \nMB e obedecer às seguintes orientações: \na) frontal, tirada a 1,5 metro do candidato, sentado com as mãos abertas sobre os joelhos; \nb) o ambiente deverá estar bem iluminado e com o fundo branco; \nc) sem qualquer maquiagem; \nd) sem óculos escuros; \ne) sem chapéu, boné ou gorro; \nf) sem uso filtros de edição; e \ng) cabelo naturalmente solto e sem qualquer adereço. 2.1. Nomear o arquivo da foto com o \nnome do candidato e ano atual, por exemplo: “nome do candidato_ano”. \n3. O vídeo deverá ser individual, recente e obedecer às seguintes orientações: \na) caso seja gravado utilizando celular, o aparelho deverá ser mantido na posição horizontal; \nb) utilizar ambiente interno para gravação, com boa iluminação; \nc) evitar entrada de luz por trás da imagem; \nd) posicionar-se, preferencialmente, em local com fundo branco; \ne) sem qualquer maquiagem; \nf) sem óculos escuros; \ng) sem chapéu, boné ou gorro; \nh) sem uso de filtros de edição; \ni) se necessário, utilizar fone de ouvido; e \nj) cabelo naturalmente solto e sem qualquer adereço. \nAnexo Edital Proaes/Prograd/Propp nº 9/2024 (4924320)         SEI 23104.008515/2024-71 / pg. 8\n28/06/2024\nN° 8323\nPg. 309']","The address of Pró-Reitoria de Assuntos Estudantis - Proaes is Cidade Universitária, s/n - Fone: (67) 3345-7822, CEP: 79070-900 - Campo Grande (MS)",single_hop_specifc_query_synthesizer
What is the required format for the video to be submitted?,"['Pró-Reitoria de Assuntos Estudantis - Proaes \nCidade Universitária, s/n - Fone: (67) 3345-7822 \nCEP: 79070-900 - Campo Grande (MS) \nhttps://proaes.ufms.br \n \n \n3.1. No vídeo, o candidato deverá APENAS dizer o seu nome completo, o nome do curso e o \nano atual. Falar o seguinte roteiro no início do vídeo: “MEU NOME É (nome completo do \ncandidato) E ME INSCREVI NA UFMS PARA O CURSO (curso para o qual se inscreveu) NO ANO \n(ano atual) ”. \n3.2. O vídeo gravado deverá, obrigatoriamente, obedecer às seguintes configurações técnicas: \na) a gravação de vídeo deve ter resolução preferencial de 720P (resolução máxima aceita de \n1080P) a 30 FPS e em formato MP4; \nb) a duração do vídeo deve ter preferencialmente em torno de 15 segundos (não pode exceder \n30 segundos); \nc) o tamanho do arquivo de vídeo deverá ter preferencialmente até 50 MB (não poderá \nexceder 100 MB); \nd) deverá ser anexado o link do vídeo na plataforma. 3.3. Nomear o arquivo do vídeo com o \nnome do candidato e o ano atual, por exemplo: “nomedocandidato_ano”. \n4. As fotografias e os vídeos que não estiverem nítidos ou em desacordo com este Edital serão \nindeferidos, devendo o candidato encaminhar novo arquivo (fotografia ou vídeo) durante o \nprazo de recurso administrativo. \n5. A Banca de Verificação da Veracidade da Autodeclaração verificará, por meio de fotografia \ne vídeo, as seguintes características fenotípicas consideradas próprias das pessoas pretas ou \npardas: a cor da pele parda ou preta, cabelo crespo ou enrolado, o nariz largo e os lábios \ngrossos e amarronzados. \n6. O não envio da fotografia ou do vídeo pelo candidato, nos prazos definidos em Edital, ou a \nnão verificação da autodeclaração implicam na perda automática da vaga. \n7. Não serão consideradas as verificações de autodeclaração realizadas por outras instituições \nque não sejam a UFMS. \nAnexo Edital Proaes/Prograd/Propp nº 9/2024 (4924320)         SEI 23104.008515/2024-71 / pg. 9\n28/06/2024\nN° 8323\nPg. 310']","The video should have a resolution of 720P (maximum of 1080P) at 30 FPS and in MP4 format, with a duration of around 15 seconds (not exceeding 30 seconds), and a file size of up to 50 MB (not exceeding 100 MB).",single_hop_specifc_query_synthesizer
What is the correct way to say my name and course in the video for Proaes?,"['Pró-Reitoria de Assuntos Estudantis - Proaes \nCidade Universitária, s/n - Fone: (67) 3345-7822 \nCEP: 79070-900 - Campo Grande (MS) \nhttps://proaes.ufms.br \n \n \n3.1. No vídeo, o candidato deverá APENAS dizer o seu nome completo, o nome do curso e o \nano atual. Falar o seguinte roteiro no início do vídeo: “MEU NOME É (nome completo do \ncandidato) E ME INSCREVI NA UFMS PARA O CURSO (curso para o qual se inscreveu) NO ANO \n(ano atual) ”. \n3.2. O vídeo gravado deverá, obrigatoriamente, obedecer às seguintes configurações técnicas: \na) a gravação de vídeo deve ter resolução preferencial de 720P (resolução máxima aceita de \n1080P) a 30 FPS e em formato MP4; \nb) a duração do vídeo deve ter preferencialmente em torno de 15 segundos (não pode exceder \n30 segundos); \nc) o tamanho do arquivo de vídeo deverá ter preferencialmente até 50 MB (não poderá \nexceder 100 MB); \nd) deverá ser anexado o link do vídeo na plataforma. 3.3. Nomear o arquivo do vídeo com o \nnome do candidato e o ano atual, por exemplo: “nomedocandidato_ano”. \n4. As fotografias e os vídeos que não estiverem nítidos ou em desacordo com este Edital serão \nindeferidos, devendo o candidato encaminhar novo arquivo (fotografia ou vídeo) durante o \nprazo de recurso administrativo. \n5. A Banca de Verificação da Veracidade da Autodeclaração verificará, por meio de fotografia \ne vídeo, as seguintes características fenotípicas consideradas próprias das pessoas pretas ou \npardas: a cor da pele parda ou preta, cabelo crespo ou enrolado, o nariz largo e os lábios \ngrossos e amarronzados. \n6. O não envio da fotografia ou do vídeo pelo candidato, nos prazos definidos em Edital, ou a \nnão verificação da autodeclaração implicam na perda automática da vaga. \n7. Não serão consideradas as verificações de autodeclaração realizadas por outras instituições \nque não sejam a UFMS. \nAnexo Edital Proaes/Prograd/Propp nº 9/2024 (4924320)         SEI 23104.008515/2024-71 / pg. 9\n28/06/2024\nN° 8323\nPg. 310']","The candidate should only say their name, the name of the course, and the current year in the video. They must speak the following script at the beginning of the video: 'My name is (full name of the candidate) and I enrolled in UFMS for the course (course they are enrolling in) in the year (current year)'.",single_hop_specifc_query_synthesizer
What is the address of Pró-Reitoria de Assuntos Estudantis - Proaes?,"['Pró-Reitoria de Assuntos Estudantis - Proaes \nCidade Universitária, s/n - Fone: (67) 3345-7822 \nCEP: 79070-900 - Campo Grande (MS) \nhttps://proaes.ufms.br \n \n \n \nANEXO II - DECLARAÇÃO (CANDIDATO AUTODECLARADO PESSOA QUE REALIZOU O ENSINO MÉDIO \nINTEGRALMENTE EM ESCOLA PÚBLICA, PESSOA PRETA OU PARDA (PP). \n(Edital Proaes/Prograd/Propp/UFMS nº 9, de 27 de junho de 2024.) \n \n \nEu,  , declaro, sob as \npenas da lei, para fins de apresentação ao Processo Seletivo  , que \nsou: \n☐ pessoa que realizou o ensino médio integralmente em escola pública; \n☐ pessoa preta; \n☐ pessoa parda. \nDeclaro, ainda, a veracidade das informações prestadas, bem como atesto que estou ciente \nsobre o Artigo 299 do Código Penal que dispõe que é crime ""omitir, em documento público \nou particular, declaração que dele devia constar ou nele inserir declaração falsa ou diversa da \nque deveria ser escrita com fim de prejudicar, criar obrigação ou alterar a verdade sobre o \nfato juridicamente relevante"". Desde já autorizo a verificação dos dados, sabendo que a \nomissão ou falsidade de informações resultará nas punições cabíveis, inclusive com a \ndesclassificação do candidato. Por ser a expressão da verdade, firmo o presente para efeitos \nlegais. \n ,  de  de 2024.  \n \n \n \n \n \nAssinatura do (a) Estudante \nAnexo Edital Proaes/Prograd/Propp nº 9/2024 (4924320)         SEI 23104.008515/2024-71 / pg. 10\n28/06/2024\nN° 8323\nPg. 311']","The address of Pró-Reitoria de Assuntos Estudantis - Proaes is Cidade Universitária, s/n - Fone: (67) 3345-7822, CEP: 79070-900 - Campo Grande (MS)",single_hop_specifc_query_synthesizer
What is the address of Pró-Reitoria de Assuntos Estudantis - Proaes?,"['Pró-Reitoria de Assuntos Estudantis - Proaes \nCidade Universitária, s/n - Fone: (67) 3345-7822 \nCEP: 79070-900 - Campo Grande (MS) \nhttps://proaes.ufms.br \n \n \n \nANEXO II - DECLARAÇÃO (CANDIDATO AUTODECLARADO PESSOA QUE REALIZOU O ENSINO MÉDIO \nINTEGRALMENTE EM ESCOLA PÚBLICA, PESSOA PRETA OU PARDA (PP). \n(Edital Proaes/Prograd/Propp/UFMS nº 9, de 27 de junho de 2024.) \n \n \nEu,  , declaro, sob as \npenas da lei, para fins de apresentação ao Processo Seletivo  , que \nsou: \n☐ pessoa que realizou o ensino médio integralmente em escola pública; \n☐ pessoa preta; \n☐ pessoa parda. \nDeclaro, ainda, a veracidade das informações prestadas, bem como atesto que estou ciente \nsobre o Artigo 299 do Código Penal que dispõe que é crime ""omitir, em documento público \nou particular, declaração que dele devia constar ou nele inserir declaração falsa ou diversa da \nque deveria ser escrita com fim de prejudicar, criar obrigação ou alterar a verdade sobre o \nfato juridicamente relevante"". Desde já autorizo a verificação dos dados, sabendo que a \nomissão ou falsidade de informações resultará nas punições cabíveis, inclusive com a \ndesclassificação do candidato. Por ser a expressão da verdade, firmo o presente para efeitos \nlegais. \n ,  de  de 2024.  \n \n \n \n \n \nAssinatura do (a) Estudante \nAnexo Edital Proaes/Prograd/Propp nº 9/2024 (4924320)         SEI 23104.008515/2024-71 / pg. 10\n28/06/2024\nN° 8323\nPg. 311']","The address of Pró-Reitoria de Assuntos Estudantis - Proaes is Cidade Universitária, s/n - Fone: (67) 3345-7822, CEP: 79070-900 - Campo Grande (MS)",single_hop_specifc_query_synthesizer
What is the address of Pró-Reitoria de Assuntos Estudantis - Proaes?,"['Pró-Reitoria de Assuntos Estudantis - Proaes \nCidade Universitária, s/n - Fone: (67) 3345-7822 \nCEP: 79070-900 - Campo Grande (MS) \nhttps://proaes.ufms.br \n \n \n \nANEXO III - FORMULÁRIO PARA INTERPOSIÇÃO DE RECURSO \n(Edital Proaes/Prograd/Propp/UFMS nº 9, de 27 de junho de 2024.) \n \n \n \nNome do estudante: Unidade: \nCurso: \n \nEXPOSIÇÃO DE MOTIVOS E FUNDAMENTAÇÃO: \n  \n \n ,  de  de 2024. \n \n \n \n \nAssinatura do estudante \nAnexo Edital Proaes/Prograd/Propp nº 9/2024 (4924320)         SEI 23104.008515/2024-71 / pg. 11\n28/06/2024\nN° 8323\nPg. 312']","Cidade Universitária, s/n - CEP: 79070-900 - Campo Grande (MS)",single_hop_specifc_query_synthesizer
What is the address of the Pró-Reitoria de Assuntos Estudantis - Proaes?,"['Pró-Reitoria de Assuntos Estudantis - Proaes \nCidade Universitária, s/n - Fone: (67) 3345-7822 \nCEP: 79070-900 - Campo Grande (MS) \nhttps://proaes.ufms.br \n \n \n \nANEXO III - FORMULÁRIO PARA INTERPOSIÇÃO DE RECURSO \n(Edital Proaes/Prograd/Propp/UFMS nº 9, de 27 de junho de 2024.) \n \n \n \nNome do estudante: Unidade: \nCurso: \n \nEXPOSIÇÃO DE MOTIVOS E FUNDAMENTAÇÃO: \n  \n \n ,  de  de 2024. \n \n \n \n \nAssinatura do estudante \nAnexo Edital Proaes/Prograd/Propp nº 9/2024 (4924320)         SEI 23104.008515/2024-71 / pg. 11\n28/06/2024\nN° 8323\nPg. 312']","The address of the Pró-Reitoria de Assuntos Estudantis - Proaes is Cidade Universitária, s/n - Fone: (67) 3345-7822, CEP: 79070-900 - Campo Grande (MS)",single_hop_specifc_query_synthesizer
What is the address of the Pró-Reitoria de Assuntos Estudantis - Proaes?,"['Pró-Reitoria de Assuntos Estudantis - Proaes \nCidade Universitária, s/n - Fone: (67) 3345-7822 \nCEP: 79070-900 - Campo Grande (MS) \nhttps://proaes.ufms.br \n \n \n \nANEXO IV - FORMULÁRIO PARA INTERPOSIÇÃO DE RECURSO CONTRA DECISÃO RELATIVA À \nAVALIAÇÃO DA VERACIDADE DA AUTODECLARAÇÃO DE CANDIDATOS PRETOS/PARDOS \n(Edital Proaes/Prograd/Propp/UFMS nº 9, de 27 de junho de 2024.) \n \nEu,   , portador(a) \ndo CPF nº , inscrição nº , para concorrer a uma vaga na \nseleção de estudantes negros matriculados em cursos de graduação e de pós-graduação stricto sensu \n(mestrado e doutorado) da UFMS, para o ano de 2024, para percepção de Auxílio Permanência por \nmeio do Grupo Carrefour - INSTITUIÇÃO GESTORA -SITAWI, apresento recurso junto à Banca, contra \ndecisão que consta no referido Edital. \nA decisão objeto de contestação é: \n \n \n \n      (explicitar a decisão que está contestando). \nOs argumentos com os quais contesto a referida decisão são: \n \n \n \n \n \n \n. \n \n \n ,  de  de 2024. \n \n \n \n \nAssinatura do(a) Estudante \nAnexo Edital Proaes/Prograd/Propp nº 9/2024 (4924320)         SEI 23104.008515/2024-71 / pg. 12\n28/06/2024\nN° 8323\nPg. 313']","The address of the Pró-Reitoria de Assuntos Estudantis - Proaes is Cidade Universitária, s/n - Fone: (67) 3345-7822, CEP: 79070-900 - Campo Grande (MS)",single_hop_specifc_query_synthesizer
What is the purpose of the Formulário para Inteposição de Recurso contra Decisão Relativa à Avaliação da Veracidade da Autodeclaração de Candidatos Pretos/Pardos?,"['Pró-Reitoria de Assuntos Estudantis - Proaes \nCidade Universitária, s/n - Fone: (67) 3345-7822 \nCEP: 79070-900 - Campo Grande (MS) \nhttps://proaes.ufms.br \n \n \n \nANEXO IV - FORMULÁRIO PARA INTERPOSIÇÃO DE RECURSO CONTRA DECISÃO RELATIVA À \nAVALIAÇÃO DA VERACIDADE DA AUTODECLARAÇÃO DE CANDIDATOS PRETOS/PARDOS \n(Edital Proaes/Prograd/Propp/UFMS nº 9, de 27 de junho de 2024.) \n \nEu,   , portador(a) \ndo CPF nº , inscrição nº , para concorrer a uma vaga na \nseleção de estudantes negros matriculados em cursos de graduação e de pós-graduação stricto sensu \n(mestrado e doutorado) da UFMS, para o ano de 2024, para percepção de Auxílio Permanência por \nmeio do Grupo Carrefour - INSTITUIÇÃO GESTORA -SITAWI, apresento recurso junto à Banca, contra \ndecisão que consta no referido Edital. \nA decisão objeto de contestação é: \n \n \n \n      (explicitar a decisão que está contestando). \nOs argumentos com os quais contesto a referida decisão são: \n \n \n \n \n \n \n. \n \n \n ,  de  de 2024. \n \n \n \n \nAssinatura do(a) Estudante \nAnexo Edital Proaes/Prograd/Propp nº 9/2024 (4924320)         SEI 23104.008515/2024-71 / pg. 12\n28/06/2024\nN° 8323\nPg. 313']","The formulário is for interposing a recurso against a decision relative to the avaliação da veracidade da autodeclaração de candidatos pretos/pardos, as per the Edital Proaes/Prograd/Propp nº 9, de 27 de junho de 2024.",single_hop_specifc_query_synthesizer
