user_input,reference,reference_contexts
Quem é Cristiano Costa Argemon Vieira e qual é o seu papel na Resolução nº 430-COGRAD/UFMS?,"Cristiano Costa Argemon Vieira é o Presidente que assina a Resolução nº 430-COGRAD/UFMS, datada de 16 de dezembro de 2021, que aprova o Regulamento dos Cursos de Graduação da Fundação Universidade Federal de Mato Grosso do Sul.","['26/12/2021 22:12 SEI/UFMS - 3003041 - Resolução\nhttps://sei.ufms.br/sei/controlador.php?acao=documento_imprimir_web&acao_origem=arvore_visualizar&id_documento=3577703&infra_sistem… 1/25\nRESOLUÇÃO Nº 430-COGRAD/UFMS, DE 16 DE DEZEMBRO DE 2021.\nAprova o Regulamento dos Cursos de Graduação da Fundação\nUniversidade Federal de Mato Grosso do Sul. \n                                                                  \nO CONSELHO DE GRADUAÇÃO da Fundação Universidade Federal de Mato\nGrosso do Sul, no uso da atribuição que lhe confere o art. 4º, caput, incisos II e VIII, do\nRegimento Geral da UFMS,  e considerando o con\x00do no Processo nº 23104.016329/2021-62,\nresolve:\n \nArt. 1º  Fica aprovado o Regulamento dos Cursos de Graduação da Fundação\nUniversidade Federal de Mato Grosso do Sul (UFMS), na forma do Anexo a esta Resolução.\n \nArt. 2º  Fica revogada a Resolução nº 550, de 20 de novembro de 2018.\n \nArt. 3º  Esta Resolução entra em vigor na data de sua publicação. \n \n \n                                       CRISTIANO COSTA ARGEMON VIEIRA, \n                                       Presidente. \n \n \nANEXO - REGULAMENTO DOS CURSOS DE GRADUAÇÃO DA FUNDAÇÃO UNIVERSIDADE\nFEDERAL DE MATO GROSSO DO SUL\n(Resolução nº 430 - Cograd/UFMS, de 16 de dezembro de 2021.)\n \nCAPÍTULO I\nDISPOSIÇÕES PRELIMINARES\n \nArt. 1º Este Regulamento deﬁne os princípios metodológicos e os\nprocedimentos acadêmicos e administra\x00vos para nortear a organização, a estrutura e o\nfuncionamento dos cursos de graduação da Fundação Universidade Federal de Mato Grosso\ndo Sul (UFMS).\n \nCAPÍTULO II\nDOS CURSOS DE GRADUAÇÃO\n27/12/2021\nN° 7697\nPg. 18']"
Quem é Cristiano Costa Argemon Vieira e qual é o seu papel na Resolução nº 430-COGRAD/UFMS?,"Cristiano Costa Argemon Vieira é o Presidente que assinou a Resolução nº 430-COGRAD/UFMS, datada de 16 de dezembro de 2021, que aprova o Regulamento dos Cursos de Graduação da Fundação Universidade Federal de Mato Grosso do Sul.","['26/12/2021 22:12 SEI/UFMS - 3003041 - Resolução\nhttps://sei.ufms.br/sei/controlador.php?acao=documento_imprimir_web&acao_origem=arvore_visualizar&id_documento=3577703&infra_sistem… 1/25\nRESOLUÇÃO Nº 430-COGRAD/UFMS, DE 16 DE DEZEMBRO DE 2021.\nAprova o Regulamento dos Cursos de Graduação da Fundação\nUniversidade Federal de Mato Grosso do Sul. \n                                                                  \nO CONSELHO DE GRADUAÇÃO da Fundação Universidade Federal de Mato\nGrosso do Sul, no uso da atribuição que lhe confere o art. 4º, caput, incisos II e VIII, do\nRegimento Geral da UFMS,  e considerando o con\x00do no Processo nº 23104.016329/2021-62,\nresolve:\n \nArt. 1º  Fica aprovado o Regulamento dos Cursos de Graduação da Fundação\nUniversidade Federal de Mato Grosso do Sul (UFMS), na forma do Anexo a esta Resolução.\n \nArt. 2º  Fica revogada a Resolução nº 550, de 20 de novembro de 2018.\n \nArt. 3º  Esta Resolução entra em vigor na data de sua publicação. \n \n \n                                       CRISTIANO COSTA ARGEMON VIEIRA, \n                                       Presidente. \n \n \nANEXO - REGULAMENTO DOS CURSOS DE GRADUAÇÃO DA FUNDAÇÃO UNIVERSIDADE\nFEDERAL DE MATO GROSSO DO SUL\n(Resolução nº 430 - Cograd/UFMS, de 16 de dezembro de 2021.)\n \nCAPÍTULO I\nDISPOSIÇÕES PRELIMINARES\n \nArt. 1º Este Regulamento deﬁne os princípios metodológicos e os\nprocedimentos acadêmicos e administra\x00vos para nortear a organização, a estrutura e o\nfuncionamento dos cursos de graduação da Fundação Universidade Federal de Mato Grosso\ndo Sul (UFMS).\n \nCAPÍTULO II\nDOS CURSOS DE GRADUAÇÃO\n27/12/2021\nN° 7697\nPg. 18']"
Quais são as diretrizes do Ministério da Educação (MEC) em relação aos cursos de graduação oferecidos pela UFMS?,"As diretrizes do Ministério da Educação (MEC) em relação aos cursos de graduação oferecidos pela UFMS incluem a possibilidade de oferta nas modalidades presencial e a distância, com a regulamentação permitindo que os cursos presenciais contem com atividades de Educação a Distância (EaD). Além disso, o Projeto Pedagógico de Curso (PPC) deve estar em conformidade com as Diretrizes Curriculares Nacionais e com os normativos do Conselho Nacional de Educação (CNE), do MEC e da UFMS.","['26/12/2021 22:12 SEI/UFMS - 3003041 - Resolução\nhttps://sei.ufms.br/sei/controlador.php?acao=documento_imprimir_web&acao_origem=arvore_visualizar&id_documento=3577703&infra_sistem… 2/25\n \nArt. 2º  Os Cursos de Graduação poderão ser ofertados nas modalidades\npresencial e a distância.\n \nParágrafo único. Os cursos de graduação presenciais poderão contar com\na\x00vidades de Educação a Distância (EaD), de acordo com regulamentação do Ministério da\nEducação (MEC).\n \nArt. 3º Os processos de ensino e de aprendizagem podem ocorrer por meio de\na\x00vidades presenciais e a distância suportadas pelo Ambiente Virtual de Aprendizagem\n(AVA/UFMS) e outras Tecnologias da Informação e da Comunicação (TICs), de acordo com as\nespeciﬁcidades de cada curso.\n \nCAPÍTULO III\nDO PROJETO PEDAGÓGICO DE CURSO\n \nArt. 4º  O Projeto Pedagógico de Curso (PPC) é um instrumento polí\x00co,\nﬁlosóﬁco e teórico-metodológico que norteia as prá\x00cas pedagógicas no curso, considerando\nsua trajetória histórica, inserção regional, vocação, missão, visão e obje\x00vos gerais e\nespecíﬁcos, em conformidade com as Diretrizes Curriculares Nacionais e com os norma\x00vos\ndo Conselho Nacional de Educação (CNE), do MEC e da UFMS, com ênfase no Plano de\nDesenvolvimento Ins\x00tucional (PDI) integrado ao Projeto Pedagógico Ins\x00tucional (PPI) da\nUFMS.\n \nArt. 5º As normas de elaboração do Projeto Pedagógico de Curso (PPC) serão\nestabelecidas por meio de ato norma\x00vo da Pró-Reitoria de Graduação da UFMS.\n \nArt. 6º Os Cursos de Graduação homônimos devem possuir equivalência entre\ncomponentes curriculares disciplinares obrigatórias de, no mínimo, cinquenta por cento da\ncarga horária mínima do curso deﬁnida pelo Conselho Nacional de Educação.\n \nArt. 7º  A carga horária total do Curso de Graduação não poderá exceder em\ndez por cento a carga horária mínima ﬁxada pelo Conselho Nacional de Educação para o\nrespec\x00vo curso.\n \nArt. 8º A Estrutura Curricular dos Cursos de Graduação da UFMS é deﬁnida no\nProjeto Pedagógico de Curso, sendo composta por Componentes Curriculares Disciplinares e\nNão Disciplinares, que correspondem à carga horária total do curso que deverá ser cursada\npelo estudante de graduação.\n \n§ 1º As Componentes Curriculares Disciplinares são cumpridas na forma de\ndisciplinas.\n \n27/12/2021\nN° 7697\nPg. 19']"
O que o Ministério da Educação diz sobre os cursos de graduação e suas modalidades?,"O Ministério da Educação (MEC) regulamenta que os Cursos de Graduação podem ser ofertados nas modalidades presencial e a distância. Além disso, os cursos presenciais podem incluir atividades de Educação a Distância (EaD), conforme as regulamentações do MEC.","['26/12/2021 22:12 SEI/UFMS - 3003041 - Resolução\nhttps://sei.ufms.br/sei/controlador.php?acao=documento_imprimir_web&acao_origem=arvore_visualizar&id_documento=3577703&infra_sistem… 2/25\n \nArt. 2º  Os Cursos de Graduação poderão ser ofertados nas modalidades\npresencial e a distância.\n \nParágrafo único. Os cursos de graduação presenciais poderão contar com\na\x00vidades de Educação a Distância (EaD), de acordo com regulamentação do Ministério da\nEducação (MEC).\n \nArt. 3º Os processos de ensino e de aprendizagem podem ocorrer por meio de\na\x00vidades presenciais e a distância suportadas pelo Ambiente Virtual de Aprendizagem\n(AVA/UFMS) e outras Tecnologias da Informação e da Comunicação (TICs), de acordo com as\nespeciﬁcidades de cada curso.\n \nCAPÍTULO III\nDO PROJETO PEDAGÓGICO DE CURSO\n \nArt. 4º  O Projeto Pedagógico de Curso (PPC) é um instrumento polí\x00co,\nﬁlosóﬁco e teórico-metodológico que norteia as prá\x00cas pedagógicas no curso, considerando\nsua trajetória histórica, inserção regional, vocação, missão, visão e obje\x00vos gerais e\nespecíﬁcos, em conformidade com as Diretrizes Curriculares Nacionais e com os norma\x00vos\ndo Conselho Nacional de Educação (CNE), do MEC e da UFMS, com ênfase no Plano de\nDesenvolvimento Ins\x00tucional (PDI) integrado ao Projeto Pedagógico Ins\x00tucional (PPI) da\nUFMS.\n \nArt. 5º As normas de elaboração do Projeto Pedagógico de Curso (PPC) serão\nestabelecidas por meio de ato norma\x00vo da Pró-Reitoria de Graduação da UFMS.\n \nArt. 6º Os Cursos de Graduação homônimos devem possuir equivalência entre\ncomponentes curriculares disciplinares obrigatórias de, no mínimo, cinquenta por cento da\ncarga horária mínima do curso deﬁnida pelo Conselho Nacional de Educação.\n \nArt. 7º  A carga horária total do Curso de Graduação não poderá exceder em\ndez por cento a carga horária mínima ﬁxada pelo Conselho Nacional de Educação para o\nrespec\x00vo curso.\n \nArt. 8º A Estrutura Curricular dos Cursos de Graduação da UFMS é deﬁnida no\nProjeto Pedagógico de Curso, sendo composta por Componentes Curriculares Disciplinares e\nNão Disciplinares, que correspondem à carga horária total do curso que deverá ser cursada\npelo estudante de graduação.\n \n§ 1º As Componentes Curriculares Disciplinares são cumpridas na forma de\ndisciplinas.\n \n27/12/2021\nN° 7697\nPg. 19']"
O que são os Componentes Curriculares e quais são os tipos mencionados?,Os Componentes Curriculares Não Disciplinares são atividades desenvolvidas sob a forma de: I - Atividades Complementares; II - Trabalho de Conclusão de Curso; III - Atividades Orientadas de Ensino; IV - Atividades de Extensão; e V - Estágio obrigatório.,"['26/12/2021 22:12 SEI/UFMS - 3003041 - Resolução\nhttps://sei.ufms.br/sei/controlador.php?acao=documento_imprimir_web&acao_origem=arvore_visualizar&id_documento=3577703&infra_sistem… 3/25\n§ 2º As Componentes Curriculares Não Disciplinares, que terão regulamento\núnico especíﬁco aprovado pelo Conselho de Graduação, são a\x00vidades desenvolvidas sob a\nforma de:\nI - A\x00vidades Complementares;\nII - Trabalho de Conclusão de Curso;\nIII - A\x00vidades Orientadas de Ensino;\nIV - A\x00vidades de Extensão; e\nV - Estágio obrigatório.\n \nArt. 9º As Componentes Curriculares Não Disciplinares admitem tratamento\ndiferenciado quanto ao turno, ao período de realização das a\x00vidades e aos processos de\nveriﬁcação da aprendizagem e de aproveitamento, de acordo com regulamentação aprovada\npelo Conselho de Graduação.\n \nArt. 10. O Estágio é uma a\x00vidade de natureza teórico-prá\x00ca, que visa a\npreparação do estudante para a a\x00vidade proﬁssional, integrando os conhecimentos técnicos,\nprá\x00cos e cien\x00ﬁcos.\n \nArt. 11. O Estágio poderá ser Obrigatório ou Não Obrigatório, conforme as\ndiretrizes curriculares e o Projeto Pedagógico de Curso (PPC).\n \n§ 1º O Estágio Obrigatório compõe a carga horária para a integralização do\ncurso, enquanto o Estágio Não Obrigatório é opcional.\n \n§ 2º O Estágio Obrigatório e o Estágio Não Obrigatório terão Regulamento\núnico aprovado pelo Conselho de Graduação.\n \nArt. 12. O Estágio Obrigatório poderá ser deﬁnido como Componente\nCurricular Disciplinar ou Componente Curricular Não Disciplinar, conforme o Projeto\nPedagógico de Curso.\n \nCAPITULO IV\nDOS PERÍODOS LETIVOS\n \nArt. 13. O ano le\x00vo, independente do ano civil, é composto pelo período le\x00vo\nde verão, primeiro semestre, período le\x00vo de inverno e segundo semestre, totalizando, no\nmínimo, duzentos dias le\x00vos.\n \nCAPÍTULO V\nDO HORÁRIO DE AULA\n \n27/12/2021\nN° 7697\nPg. 20']"
"Qual é a definição e a importância do Estágio na formação acadêmica de um estudante, conforme descrito nos documentos da universidade?","O Estágio é uma atividade de natureza teórico-prática, que visa a preparação do estudante para a atividade profissional, integrando os conhecimentos técnicos, práticos e científicos. Ele pode ser classificado como Obrigatório ou Não Obrigatório, dependendo das diretrizes curriculares e do Projeto Pedagógico de Curso (PPC). O Estágio Obrigatório compõe a carga horária para a integralização do curso, enquanto o Estágio Não Obrigatório é opcional. Ambos os tipos de estágio terão Regulamento único aprovado pelo Conselho de Graduação.","['26/12/2021 22:12 SEI/UFMS - 3003041 - Resolução\nhttps://sei.ufms.br/sei/controlador.php?acao=documento_imprimir_web&acao_origem=arvore_visualizar&id_documento=3577703&infra_sistem… 3/25\n§ 2º As Componentes Curriculares Não Disciplinares, que terão regulamento\núnico especíﬁco aprovado pelo Conselho de Graduação, são a\x00vidades desenvolvidas sob a\nforma de:\nI - A\x00vidades Complementares;\nII - Trabalho de Conclusão de Curso;\nIII - A\x00vidades Orientadas de Ensino;\nIV - A\x00vidades de Extensão; e\nV - Estágio obrigatório.\n \nArt. 9º As Componentes Curriculares Não Disciplinares admitem tratamento\ndiferenciado quanto ao turno, ao período de realização das a\x00vidades e aos processos de\nveriﬁcação da aprendizagem e de aproveitamento, de acordo com regulamentação aprovada\npelo Conselho de Graduação.\n \nArt. 10. O Estágio é uma a\x00vidade de natureza teórico-prá\x00ca, que visa a\npreparação do estudante para a a\x00vidade proﬁssional, integrando os conhecimentos técnicos,\nprá\x00cos e cien\x00ﬁcos.\n \nArt. 11. O Estágio poderá ser Obrigatório ou Não Obrigatório, conforme as\ndiretrizes curriculares e o Projeto Pedagógico de Curso (PPC).\n \n§ 1º O Estágio Obrigatório compõe a carga horária para a integralização do\ncurso, enquanto o Estágio Não Obrigatório é opcional.\n \n§ 2º O Estágio Obrigatório e o Estágio Não Obrigatório terão Regulamento\núnico aprovado pelo Conselho de Graduação.\n \nArt. 12. O Estágio Obrigatório poderá ser deﬁnido como Componente\nCurricular Disciplinar ou Componente Curricular Não Disciplinar, conforme o Projeto\nPedagógico de Curso.\n \nCAPITULO IV\nDOS PERÍODOS LETIVOS\n \nArt. 13. O ano le\x00vo, independente do ano civil, é composto pelo período le\x00vo\nde verão, primeiro semestre, período le\x00vo de inverno e segundo semestre, totalizando, no\nmínimo, duzentos dias le\x00vos.\n \nCAPÍTULO V\nDO HORÁRIO DE AULA\n \n27/12/2021\nN° 7697\nPg. 20']"
O que é o Projeto Pedagógico de Curso mencionado no documento?,"O Projeto Pedagógico de Curso é mencionado no contexto das atividades presenciais que ocorrerão em três turnos, observando o disposto nesse projeto e considerando os intervalos para deslocamento e descanso para os estudantes e professores.","['26/12/2021 22:12 SEI/UFMS - 3003041 - Resolução\nhttps://sei.ufms.br/sei/controlador.php?acao=documento_imprimir_web&acao_origem=arvore_visualizar&id_documento=3577703&infra_sistem… 4/25\nArt. 14. As a\x00vidades presenciais ocorrerão em três turnos, observado o\ndisposto no Projeto Pedagógico de Curso, e considerando os intervalos para deslocamento e\ndescanso para os estudantes e professores, conforme segue:\nI - matu\x00no: compreende as aulas realizadas no horário das 7h15min às\n12h25min, de segunda-feira a sábado, com intervalo das 9h15min às 9h25min;\nII - vesper\x00no: compreende as aulas realizadas no horário das 13h15min às\n18h25min, de segunda-feira a sábado, com intervalo das 15h15min às 15h25min; e\nIII - noturno: compreende as aulas realizadas no horário das 18h30min às\n22h40min, de segunda a sexta-feira com intervalo das 20h30min às 20h40min, e aos sábados\nnos turnos matu\x00no e vesper\x00no.\n \n§ 1º  O intervalo poderá não ser cumprido em função das aulas prá\x00cas.\n \n§ 2º  No período noturno deverá ser respeitada a especiﬁcidade de cada\nUnidade da UFMS.\n \nArt. 15. Os cursos que têm funcionamento em mais de um turno serão\nconsiderados de turno integral.\n \n§ 1º Nos cursos de turno integral deverá haver um intervalo de pelo menos\numa hora entre o término das aulas de um turno e o início das aulas do outro turno.\n \n§ 2º O horário das aulas deverá ser concentrado, preferencialmente, em um\nturno a ﬁm de viabilizar aos estudantes a possibilidade de realizar a\x00vidades\nextracurriculares, cursar disciplinas opta\x00vas ou de reoferta.\n \nArt. 16. Os locais e os horários de aula deverão estar disponíveis nos portais da\nUnidade de vínculo do curso e amplamente divulgados aos estudantes, com pelo menos duas\nsemanas antes do início do período de matrículas.\n \nArt. 17. As a\x00vidades por meio de Tecnologias da Informação e da\nComunicação deverão ser, preferencialmente, assíncronas, e não estarão vinculadas aos\nhorários, locais e dias de aula, permi\x00ndo ao estudante, em sua autonomia, acompanhar o\ncurso de graduação.\n \nCAPÍTULO VI\nDAS FORMAS DE INGRESSO NOS CURSOS DE GRADUAÇÃO\n \nArt. 18. O ingresso nos Cursos de Graduação da UFMS ocorre por meio de:\nI - Sistema de Seleção Uniﬁcada (Sisu);\nII - Ves\x00bular;\nIII - Programa de Avaliação Seriada Sele\x00va (Passe);\n27/12/2021\nN° 7697\nPg. 21']"
"Quais são as formas de ingresso nos cursos de graduação mencionadas no documento, incluindo o Passe?",O ingresso nos Cursos de Graduação da UFMS ocorre por meio de: I - Sistema de Seleção Unificada (Sisu); II - Vestibular; III - Programa de Avaliação Seriada Seleva (Passe).,"['26/12/2021 22:12 SEI/UFMS - 3003041 - Resolução\nhttps://sei.ufms.br/sei/controlador.php?acao=documento_imprimir_web&acao_origem=arvore_visualizar&id_documento=3577703&infra_sistem… 4/25\nArt. 14. As a\x00vidades presenciais ocorrerão em três turnos, observado o\ndisposto no Projeto Pedagógico de Curso, e considerando os intervalos para deslocamento e\ndescanso para os estudantes e professores, conforme segue:\nI - matu\x00no: compreende as aulas realizadas no horário das 7h15min às\n12h25min, de segunda-feira a sábado, com intervalo das 9h15min às 9h25min;\nII - vesper\x00no: compreende as aulas realizadas no horário das 13h15min às\n18h25min, de segunda-feira a sábado, com intervalo das 15h15min às 15h25min; e\nIII - noturno: compreende as aulas realizadas no horário das 18h30min às\n22h40min, de segunda a sexta-feira com intervalo das 20h30min às 20h40min, e aos sábados\nnos turnos matu\x00no e vesper\x00no.\n \n§ 1º  O intervalo poderá não ser cumprido em função das aulas prá\x00cas.\n \n§ 2º  No período noturno deverá ser respeitada a especiﬁcidade de cada\nUnidade da UFMS.\n \nArt. 15. Os cursos que têm funcionamento em mais de um turno serão\nconsiderados de turno integral.\n \n§ 1º Nos cursos de turno integral deverá haver um intervalo de pelo menos\numa hora entre o término das aulas de um turno e o início das aulas do outro turno.\n \n§ 2º O horário das aulas deverá ser concentrado, preferencialmente, em um\nturno a ﬁm de viabilizar aos estudantes a possibilidade de realizar a\x00vidades\nextracurriculares, cursar disciplinas opta\x00vas ou de reoferta.\n \nArt. 16. Os locais e os horários de aula deverão estar disponíveis nos portais da\nUnidade de vínculo do curso e amplamente divulgados aos estudantes, com pelo menos duas\nsemanas antes do início do período de matrículas.\n \nArt. 17. As a\x00vidades por meio de Tecnologias da Informação e da\nComunicação deverão ser, preferencialmente, assíncronas, e não estarão vinculadas aos\nhorários, locais e dias de aula, permi\x00ndo ao estudante, em sua autonomia, acompanhar o\ncurso de graduação.\n \nCAPÍTULO VI\nDAS FORMAS DE INGRESSO NOS CURSOS DE GRADUAÇÃO\n \nArt. 18. O ingresso nos Cursos de Graduação da UFMS ocorre por meio de:\nI - Sistema de Seleção Uniﬁcada (Sisu);\nII - Ves\x00bular;\nIII - Programa de Avaliação Seriada Sele\x00va (Passe);\n27/12/2021\nN° 7697\nPg. 21']"
O que é considerado estudante regular na UFMS?,É considerado estudante regular aquele matriculado em curso de graduação com possibilidade de diplomação pela UFMS.,"['26/12/2021 22:12 SEI/UFMS - 3003041 - Resolução\nhttps://sei.ufms.br/sei/controlador.php?acao=documento_imprimir_web&acao_origem=arvore_visualizar&id_documento=3577703&infra_sistem… 5/25\nIV - seleção para Vagas Remanescentes;\nV - portadores de visto de refugiado, visto humanitário ou visto de reunião\nfamiliar;\nVI - reingresso;\nVII - portadores de diploma de Curso de Graduação;\nVIII - transferência externa;\nIX - movimentação interna de estudantes regulares da UFMS;\nX - permuta interna entre estudantes regulares da UFMS; e\nXI - convênios ou outros instrumentos jurídicos de mesma natureza, ﬁrmados\ncom outros países e/ou órgãos do Governo Federal;\nXII - matrícula cortesia;\nXIII - transferência compulsória;\nXIV - mobilidade acadêmica; e\nXV - complementação de estudos no processo de revalidação de diploma.\n \n§ 1º É considerado estudante regular aquele matriculado em curso de\ngraduação com possibilidade de diplomação pela UFMS.\n \n§ 2º O ingresso a que se referem os incisos I ao V ocorre por meio de processos\nsele\x00vos para os candidatos que tenham concluído o ensino médio ou equivalente, conforme\nEdital especíﬁco.\n \n§ 3º O Reingresso ao Curso de Graduação ocorre por meio de processo\nsele\x00vo, conforme Edital especíﬁco, para o estudante excluído por não renovação do vínculo,\nsolicitação ou jubilamento, condicionado à existência de vagas, desde que:\nI - não tenha matrícula regular a\x00va em nenhum Curso de Graduação da UFMS;\ne\nII - seja para o mesmo curso.\n \n§ 4º O ingresso para portadores de diploma de Curso de Graduação ocorre por\nmeio de processo sele\x00vo, conforme Edital especíﬁco, para candidatos portadores de diploma\nde curso de nível superior de graduação reconhecido pelo Ministério da\nEducação, condicionado à existência de vagas, ou na condição de estudante especial.\n \n§ 5º O ingresso por transferência externa ocorre por meio de processo sele\x00vo,\nconforme Edital especíﬁco, para estudantes regulares de outras ins\x00tuições nacionais de\nEnsino Superior, para cursos da mesma área de conhecimento, condicionado à existência de\nvagas.\n \n§ 6º O ingresso por movimentação interna ocorre por meio de processo\nsele\x00vo, conforme Edital especíﬁco, para estudantes regulares da UFMS para mudança de\ncurso na mesma área de conhecimento, condicionado à existência de vagas.\n27/12/2021\nN° 7697\nPg. 22']"
Quais são as formas de ingresso na UFMS mencionadas no documento?,"As formas de ingresso na UFMS mencionadas no documento incluem: seleção para Vagas Remanescentes, portadores de visto de refugiado, visto humanitário ou visto de reunião familiar, reingresso, portadores de diploma de Curso de Graduação, transferência externa, movimentação interna de estudantes regulares da UFMS, permuta interna entre estudantes regulares da UFMS, convênios ou outros instrumentos jurídicos de mesma natureza, matrícula cortesia, transferência compulsória, mobilidade acadêmica, e complementação de estudos no processo de revalidação de diploma.","['26/12/2021 22:12 SEI/UFMS - 3003041 - Resolução\nhttps://sei.ufms.br/sei/controlador.php?acao=documento_imprimir_web&acao_origem=arvore_visualizar&id_documento=3577703&infra_sistem… 5/25\nIV - seleção para Vagas Remanescentes;\nV - portadores de visto de refugiado, visto humanitário ou visto de reunião\nfamiliar;\nVI - reingresso;\nVII - portadores de diploma de Curso de Graduação;\nVIII - transferência externa;\nIX - movimentação interna de estudantes regulares da UFMS;\nX - permuta interna entre estudantes regulares da UFMS; e\nXI - convênios ou outros instrumentos jurídicos de mesma natureza, ﬁrmados\ncom outros países e/ou órgãos do Governo Federal;\nXII - matrícula cortesia;\nXIII - transferência compulsória;\nXIV - mobilidade acadêmica; e\nXV - complementação de estudos no processo de revalidação de diploma.\n \n§ 1º É considerado estudante regular aquele matriculado em curso de\ngraduação com possibilidade de diplomação pela UFMS.\n \n§ 2º O ingresso a que se referem os incisos I ao V ocorre por meio de processos\nsele\x00vos para os candidatos que tenham concluído o ensino médio ou equivalente, conforme\nEdital especíﬁco.\n \n§ 3º O Reingresso ao Curso de Graduação ocorre por meio de processo\nsele\x00vo, conforme Edital especíﬁco, para o estudante excluído por não renovação do vínculo,\nsolicitação ou jubilamento, condicionado à existência de vagas, desde que:\nI - não tenha matrícula regular a\x00va em nenhum Curso de Graduação da UFMS;\ne\nII - seja para o mesmo curso.\n \n§ 4º O ingresso para portadores de diploma de Curso de Graduação ocorre por\nmeio de processo sele\x00vo, conforme Edital especíﬁco, para candidatos portadores de diploma\nde curso de nível superior de graduação reconhecido pelo Ministério da\nEducação, condicionado à existência de vagas, ou na condição de estudante especial.\n \n§ 5º O ingresso por transferência externa ocorre por meio de processo sele\x00vo,\nconforme Edital especíﬁco, para estudantes regulares de outras ins\x00tuições nacionais de\nEnsino Superior, para cursos da mesma área de conhecimento, condicionado à existência de\nvagas.\n \n§ 6º O ingresso por movimentação interna ocorre por meio de processo\nsele\x00vo, conforme Edital especíﬁco, para estudantes regulares da UFMS para mudança de\ncurso na mesma área de conhecimento, condicionado à existência de vagas.\n27/12/2021\nN° 7697\nPg. 22']"
Quais são os critérios para ingresso por permuta interna na UFMS?,"O ingresso por permuta interna na UFMS ocorre com a troca permanente de curso da mesma área de conhecimento entre estudantes regulares, desde que cada um deles tenha sido aprovado em, pelo menos, duas componentes curriculares no curso em que está matriculado, não seja ingressante por permuta interna, e não esteja em processo de apuração investigativa ou disciplinar, ou punido por medidas disciplinares, antes do trânsito em julgado da decisão administrativa e cumprimento da penalidade.","['26/12/2021 22:12 SEI/UFMS - 3003041 - Resolução\nhttps://sei.ufms.br/sei/controlador.php?acao=documento_imprimir_web&acao_origem=arvore_visualizar&id_documento=3577703&infra_sistem… 6/25\n \n§ 7º O ingresso por permuta interna ocorre com a troca permanente de curso\nda mesma área de conhecimento entre estudantes regulares da UFMS, desde que cada um\ndeles:\nI - tenha sido aprovado em, pelo menos, duas componentes curriculares no\nCurso em que está matriculado;\nII - não seja ingressante por permuta interna; e\nIII - não esteja em processo de apuração inves\x00ga\x00va ou disciplinar, ou punido\npor medidas disciplinares, antes do trânsito em julgado da decisão administra\x00va e\ncumprimento da penalidade.\n \n§ 8º O ingresso por convênios ou outros instrumentos jurídicos de mesma\nnatureza, ﬁrmados com outros países, des\x00na-se aos estudantes estrangeiros que tenham\nconcluído o ensino médio ou equivalente, de acordo com a legislação especíﬁca,\nindependente da existência de vagas.\n \n§ 9º A matrícula cortesia des\x00na-se aos estudantes estrangeiros e seus\ndependentes que estejam em missões diplomá\x00cas ou atuem em repar\x00ções consulares e\norganismos internacionais, de acordo com a legislação especíﬁca, independente da existência\nde vagas.\n \n§ 10. O ingresso por transferência compulsória des\x00na-se aos estudantes\nregulares de ins\x00tuições nacionais de Ensino Superior, para prosseguimento de estudos do\ncurso de origem ou, não havendo este, para cursos da mesma área de conhecimento, de\nacordo com legislação especíﬁca, independente da existência de vagas, em razão de\ncomprovada remoção, de o\x00cio, de servidor público civil ou militar estudante.\n \n§ 11. O ingresso por mobilidade acadêmica des\x00na-se a estudantes regulares\nde outras ins\x00tuições, mediante instrumentos jurídicos de cooperação, com ins\x00tuições\nnacionais ou internacionais.\n \n§ 12. O ingresso para revalidação de diplomas consiste no cumprimento de\ncomponentes curriculares para complementação curricular, conforme indicação de Comissão\nespecíﬁca para esse ﬁm.\n \nArt. 19. Além do con\x00do nesta Resolução, poderão ser estabelecidos outros\ncritérios e procedimentos para ingresso no Curso de Graduação por meio de Programas\nEspeciais ou outros atos norma\x00vos.\n \nCAPÍTULO VII\nDO ESTUDANTE ESPECIAL\n \nArt. 20. É considerado Estudante Especial:\n27/12/2021\nN° 7697\nPg. 23']"
Quais são os critérios para o ingresso no Curso de Graduação segundo a Resolução da UFMS?,"Os critérios para o ingresso no Curso de Graduação incluem: para permuta interna, o estudante deve ter sido aprovado em, pelo menos, duas componentes curriculares no Curso em que está matriculado, não ser ingressante por permuta interna, e não estar em processo de apuração investigativa ou disciplinar. Para estudantes estrangeiros, o ingresso pode ocorrer por convênios, matrícula cortesia, transferência compulsória, mobilidade acadêmica, ou revalidação de diplomas, conforme a legislação específica e a existência de vagas.","['26/12/2021 22:12 SEI/UFMS - 3003041 - Resolução\nhttps://sei.ufms.br/sei/controlador.php?acao=documento_imprimir_web&acao_origem=arvore_visualizar&id_documento=3577703&infra_sistem… 6/25\n \n§ 7º O ingresso por permuta interna ocorre com a troca permanente de curso\nda mesma área de conhecimento entre estudantes regulares da UFMS, desde que cada um\ndeles:\nI - tenha sido aprovado em, pelo menos, duas componentes curriculares no\nCurso em que está matriculado;\nII - não seja ingressante por permuta interna; e\nIII - não esteja em processo de apuração inves\x00ga\x00va ou disciplinar, ou punido\npor medidas disciplinares, antes do trânsito em julgado da decisão administra\x00va e\ncumprimento da penalidade.\n \n§ 8º O ingresso por convênios ou outros instrumentos jurídicos de mesma\nnatureza, ﬁrmados com outros países, des\x00na-se aos estudantes estrangeiros que tenham\nconcluído o ensino médio ou equivalente, de acordo com a legislação especíﬁca,\nindependente da existência de vagas.\n \n§ 9º A matrícula cortesia des\x00na-se aos estudantes estrangeiros e seus\ndependentes que estejam em missões diplomá\x00cas ou atuem em repar\x00ções consulares e\norganismos internacionais, de acordo com a legislação especíﬁca, independente da existência\nde vagas.\n \n§ 10. O ingresso por transferência compulsória des\x00na-se aos estudantes\nregulares de ins\x00tuições nacionais de Ensino Superior, para prosseguimento de estudos do\ncurso de origem ou, não havendo este, para cursos da mesma área de conhecimento, de\nacordo com legislação especíﬁca, independente da existência de vagas, em razão de\ncomprovada remoção, de o\x00cio, de servidor público civil ou militar estudante.\n \n§ 11. O ingresso por mobilidade acadêmica des\x00na-se a estudantes regulares\nde outras ins\x00tuições, mediante instrumentos jurídicos de cooperação, com ins\x00tuições\nnacionais ou internacionais.\n \n§ 12. O ingresso para revalidação de diplomas consiste no cumprimento de\ncomponentes curriculares para complementação curricular, conforme indicação de Comissão\nespecíﬁca para esse ﬁm.\n \nArt. 19. Além do con\x00do nesta Resolução, poderão ser estabelecidos outros\ncritérios e procedimentos para ingresso no Curso de Graduação por meio de Programas\nEspeciais ou outros atos norma\x00vos.\n \nCAPÍTULO VII\nDO ESTUDANTE ESPECIAL\n \nArt. 20. É considerado Estudante Especial:\n27/12/2021\nN° 7697\nPg. 23']"
Quais são as condições e limitações para um Estudante Especial se matricular em disciplinas na UFMS?,"O Estudante Especial, na condição de portador de diploma, pode requerer matrícula em disciplinas nos Cursos de Graduação da UFMS, desde que haja vagas disponíveis. As condições incluem: matrícula em, no máximo, quatro disciplinas por período letivo na mesma Unidade de oferta, e matrícula em, no máximo, doze disciplinas, independentemente do resultado final. No entanto, o Estudante Especial não pode realizar matrícula em Atividades Complementares, Estágio Obrigatório e Trabalho de Conclusão de Curso, e a matrícula não confere direito à obtenção do título acadêmico.","['26/12/2021 22:12 SEI/UFMS - 3003041 - Resolução\nhttps://sei.ufms.br/sei/controlador.php?acao=documento_imprimir_web&acao_origem=arvore_visualizar&id_documento=3577703&infra_sistem… 7/25\nI - estudante par\x00cipante de programa de mobilidade acadêmica, com vínculo\nacadêmico em Curso de Graduação de outra Ins\x00tuição de Ensino Superior, com matrícula em\ndisciplinas isoladas em Cursos de Graduação da UFMS;\nII - estudante matriculado em disciplinas para ﬁns de revalidação de diploma\nexpedidos por universidades estrangeiras; e/ou\nIII – estudante matriculado em disciplinas isoladas, desde que portador de\ndiploma de graduação devidamente autorizado e reconhecido pelo órgão competente.\n \nArt. 21. Os critérios e os procedimentos referentes ao ingresso de estudante\nespecial serão estabelecidos por meio de ato norma\x00vo da Pró-Reitoria de Graduação.\n \nArt. 22. O Estudante Especial, na condição de portador de diploma, poderá\nrequerer matrícula em disciplinas nos Cursos de Graduação da UFMS, condicionada à\nexistência de vagas, nas seguintes condições:\nI - matrícula em, no máximo, quatro disciplinas por período le\x00vo na mesma\nUnidade de oferta, e\nII – matrícula em, no máximo, doze disciplinas, independente do resultado\nﬁnal.\n \nArt. 23. O Estudante Especial, na condição de portador de diploma, não poderá\nrealizar matrícula em A\x00vidades Complementares, Estágio Obrigatório e Trabalho de\nConclusão de Curso.\n \nArt. 24. A matrícula na condição de Estudante Especial não dá direito à\nobtenção do \x00tulo acadêmico.\n \nCAPÍTULO VIII\nDA MATRÍCULA DOS INGRESSANTES POR PROCESSOS SELETIVOS\n \nArt. 25. O candidato convocado em processos sele\x00vos deverá providenciar\ntoda a documentação e atender aos prazos, requisitos e condições previstas no Edital de\nConvocação para matrícula.\n \nParágrafo único. É de responsabilidade do estudante preencher e manter seus\ndados pessoais e de perﬁl atualizados no Sistema Acadêmico de Graduação (Siscad).\n \nArt. 26. A UFMS poderá, a qualquer momento, veriﬁcar a veracidade das\ninformações pessoais, da autodeclaração e dos dados socioeconômicos do estudante, bem\ncomo veriﬁcar o atendimento aos requisitos de ingresso.\n \nParágrafo único. O estudante poderá ter sua matrícula cancelada quando for\nconstatada, a qualquer tempo, informação fornecida em seu cadastro seja inverídica,\nrespeitado o direito de defesa e o devido processo legal.\n27/12/2021\nN° 7697\nPg. 24']"
Quais são os critérios estabelecidos no Art. 21 para o ingresso de estudante especial na UFMS?,O Art. 21 estabelece que os critérios e os procedimentos referentes ao ingresso de estudante especial serão definidos por meio de ato normativo da Pró-Reitoria de Graduação.,"['26/12/2021 22:12 SEI/UFMS - 3003041 - Resolução\nhttps://sei.ufms.br/sei/controlador.php?acao=documento_imprimir_web&acao_origem=arvore_visualizar&id_documento=3577703&infra_sistem… 7/25\nI - estudante par\x00cipante de programa de mobilidade acadêmica, com vínculo\nacadêmico em Curso de Graduação de outra Ins\x00tuição de Ensino Superior, com matrícula em\ndisciplinas isoladas em Cursos de Graduação da UFMS;\nII - estudante matriculado em disciplinas para ﬁns de revalidação de diploma\nexpedidos por universidades estrangeiras; e/ou\nIII – estudante matriculado em disciplinas isoladas, desde que portador de\ndiploma de graduação devidamente autorizado e reconhecido pelo órgão competente.\n \nArt. 21. Os critérios e os procedimentos referentes ao ingresso de estudante\nespecial serão estabelecidos por meio de ato norma\x00vo da Pró-Reitoria de Graduação.\n \nArt. 22. O Estudante Especial, na condição de portador de diploma, poderá\nrequerer matrícula em disciplinas nos Cursos de Graduação da UFMS, condicionada à\nexistência de vagas, nas seguintes condições:\nI - matrícula em, no máximo, quatro disciplinas por período le\x00vo na mesma\nUnidade de oferta, e\nII – matrícula em, no máximo, doze disciplinas, independente do resultado\nﬁnal.\n \nArt. 23. O Estudante Especial, na condição de portador de diploma, não poderá\nrealizar matrícula em A\x00vidades Complementares, Estágio Obrigatório e Trabalho de\nConclusão de Curso.\n \nArt. 24. A matrícula na condição de Estudante Especial não dá direito à\nobtenção do \x00tulo acadêmico.\n \nCAPÍTULO VIII\nDA MATRÍCULA DOS INGRESSANTES POR PROCESSOS SELETIVOS\n \nArt. 25. O candidato convocado em processos sele\x00vos deverá providenciar\ntoda a documentação e atender aos prazos, requisitos e condições previstas no Edital de\nConvocação para matrícula.\n \nParágrafo único. É de responsabilidade do estudante preencher e manter seus\ndados pessoais e de perﬁl atualizados no Sistema Acadêmico de Graduação (Siscad).\n \nArt. 26. A UFMS poderá, a qualquer momento, veriﬁcar a veracidade das\ninformações pessoais, da autodeclaração e dos dados socioeconômicos do estudante, bem\ncomo veriﬁcar o atendimento aos requisitos de ingresso.\n \nParágrafo único. O estudante poderá ter sua matrícula cancelada quando for\nconstatada, a qualquer tempo, informação fornecida em seu cadastro seja inverídica,\nrespeitado o direito de defesa e o devido processo legal.\n27/12/2021\nN° 7697\nPg. 24']"
O que é o vínculo acadêmico na UFMS e como ele começa?,O vínculo acadêmico do estudante com a UFMS terá início com a confirmação de sua matrícula no ato do ingresso.,"['26/12/2021 22:12 SEI/UFMS - 3003041 - Resolução\nhttps://sei.ufms.br/sei/controlador.php?acao=documento_imprimir_web&acao_origem=arvore_visualizar&id_documento=3577703&infra_sistem… 8/25\n \nArt. 27. O estudante ingressante deverá ser matriculado em todas as\ncomponentes curriculares disciplinares previstas para o primeiro período do curso, de acordo\ncom o Projeto Pedagógico de Curso ou Plano de Estudos.\n \nParágrafo único. O Plano de Estudos deverá ser elaborado nos casos de\nAproveitamento de Estudos ou para orientações especíﬁcas para pessoas com deﬁciência.\n \nCAPÍTULO IX\nDO VÍNCULO ACADÊMICO\n \nArt. 28. O vínculo acadêmico do estudante com a UFMS terá início com a\nconﬁrmação de sua matrícula no ato do ingresso.\n \n§ 1º Não é permi\x00da a matrícula regular em mais de um Curso de Graduação\nda UFMS ou em outra Ins\x00tuição Pública de Ensino Superior.\n \n§ 2º Ao realizar a matrícula, o estudante compromete-se a respeitar e cumprir\nas normas especíﬁcas, regimentais e estatutárias da UFMS e outros instrumentos jurídicos\nespecíﬁcos, de acordo com a forma de ingresso.\n \nArt. 29. A renovação do vínculo acadêmico é de responsabilidade do estudante.\n \nParágrafo único. O vínculo acadêmico deverá ser renovado mediante a\nmatrícula semestral em componentes curriculares, ou solicitação de afastamento, no prazo\nestabelecido no Calendário Acadêmico.\n \nCAPÍTULO X\nDA MATRÍCULA EM COMPONENTES CURRICULARES\n \nArt. 30. A matrícula em componentes curriculares é de responsabilidade do\nestudante por meio do Sistema Acadêmico de Graduação (Siscad), nos prazos estabelecidos\nno Calendário Acadêmico.\n \n§ 1º Caberá a Coordenação de Curso realizar a orientação e o\nacompanhamento da matrícula do estudante nas componentes curriculares.\n \n§ 2º A matrícula em períodos le\x00vos de verão e de inverno não será computada\nno tempo máximo para integralização curricular e possui caráter opcional.\n \n27/12/2021\nN° 7697\nPg. 25']"
O que é o Sistema Acadêmico de Graduação e como ele se relaciona com a matrícula dos estudantes na UFMS?,"O Sistema Acadêmico de Graduação (Siscad) é a plataforma pela qual o estudante é responsável por realizar a matrícula em componentes curriculares, conforme os prazos estabelecidos no Calendário Acadêmico. A Coordenação de Curso é responsável por orientar e acompanhar a matrícula do estudante nas componentes curriculares.","['26/12/2021 22:12 SEI/UFMS - 3003041 - Resolução\nhttps://sei.ufms.br/sei/controlador.php?acao=documento_imprimir_web&acao_origem=arvore_visualizar&id_documento=3577703&infra_sistem… 8/25\n \nArt. 27. O estudante ingressante deverá ser matriculado em todas as\ncomponentes curriculares disciplinares previstas para o primeiro período do curso, de acordo\ncom o Projeto Pedagógico de Curso ou Plano de Estudos.\n \nParágrafo único. O Plano de Estudos deverá ser elaborado nos casos de\nAproveitamento de Estudos ou para orientações especíﬁcas para pessoas com deﬁciência.\n \nCAPÍTULO IX\nDO VÍNCULO ACADÊMICO\n \nArt. 28. O vínculo acadêmico do estudante com a UFMS terá início com a\nconﬁrmação de sua matrícula no ato do ingresso.\n \n§ 1º Não é permi\x00da a matrícula regular em mais de um Curso de Graduação\nda UFMS ou em outra Ins\x00tuição Pública de Ensino Superior.\n \n§ 2º Ao realizar a matrícula, o estudante compromete-se a respeitar e cumprir\nas normas especíﬁcas, regimentais e estatutárias da UFMS e outros instrumentos jurídicos\nespecíﬁcos, de acordo com a forma de ingresso.\n \nArt. 29. A renovação do vínculo acadêmico é de responsabilidade do estudante.\n \nParágrafo único. O vínculo acadêmico deverá ser renovado mediante a\nmatrícula semestral em componentes curriculares, ou solicitação de afastamento, no prazo\nestabelecido no Calendário Acadêmico.\n \nCAPÍTULO X\nDA MATRÍCULA EM COMPONENTES CURRICULARES\n \nArt. 30. A matrícula em componentes curriculares é de responsabilidade do\nestudante por meio do Sistema Acadêmico de Graduação (Siscad), nos prazos estabelecidos\nno Calendário Acadêmico.\n \n§ 1º Caberá a Coordenação de Curso realizar a orientação e o\nacompanhamento da matrícula do estudante nas componentes curriculares.\n \n§ 2º A matrícula em períodos le\x00vos de verão e de inverno não será computada\nno tempo máximo para integralização curricular e possui caráter opcional.\n \n27/12/2021\nN° 7697\nPg. 25']"
O que é permitido ao estudante com trancamento de matrícula na UFMS durante o processo de matrícula?,É permitido ao estudante com trancamento de matrícula participar do processo de matrícula para o período letivo de verão ou inverno subsequente.,"['26/12/2021 22:12 SEI/UFMS - 3003041 - Resolução\nhttps://sei.ufms.br/sei/controlador.php?acao=documento_imprimir_web&acao_origem=arvore_visualizar&id_documento=3577703&infra_sistem… 9/25\n§ 3º É permi\x00do ao estudante com trancamento de matrícula par\x00cipar do\nprocesso de matrícula para o período le\x00vo de verão ou inverno subsequente.\n \nArt. 31. A matrícula em disciplinas depende do atendimento das seguintes\ncondições:\nI - cumprimento dos pré-requisitos exigidos para as disciplinas selecionadas,\nquando houver;\nII - existência de vagas nas disciplinas selecionadas; e\nIII - inexistência de conﬂito de horários entre as disciplinas selecionadas.\n \nParágrafo único. Não haverá restrição de compa\x00bilidade de horário de aulas\npara as matrículas de estudantes com dispensa de frequência.\n \nArt. 32. São garan\x00das aos estudantes as vagas nas disciplinas alocadas no seu\nperíodo de posicionamento, exceto quando houver pré-requisitos não cumpridos.\n \nParágrafo único. O posicionamento do estudante no curso corresponde à\nquan\x00dade de períodos le\x00vos em que o estudante regular mantém vínculo com a UFMS,\ndesde o seu ingresso, subtraindo-se a quan\x00dade de períodos em que a matrícula es\x00ver\ntrancada e os períodos de inverno e verão.  \n \nArt. 33. A matrícula em Estágio Obrigatório poderá ser realizada a qualquer\nmomento no ano, independente dos prazos estabelecidos no Calendário Acadêmico.\n \nArt. 34. Durante a matrícula, o estudante poderá selecionar disciplinas\noferecidas por outros cursos da UFMS, mediante a existência de vagas.\n \nParágrafo único. A disciplina não pertencente à estrutura curricular do curso\nserá registrada como opta\x00va.\n \nArt. 35. Não haverá restrição de compa\x00bilidade de horário de aulas para a\nrealização de Componentes Curriculares Não Disciplinares.\n \nArt. 36. Os critérios e os procedimentos referentes à matrícula de componentes\ncurriculares serão estabelecidos por meio de ato norma\x00vo do Pró-Reitor de Graduação.\n \nArt. 37. Na ausência de renovação de vínculo do estudante em curso de\ngraduação, a matrícula automá\x00ca, que consiste na matrícula em disciplina opta\x00va\nespecíﬁca, ocorrerá por no máximo dois semestres não consecu\x00vos.\n \n§ 1º Não é permi\x00do o cancelamento da matrícula automá\x00ca.\n27/12/2021\nN° 7697\nPg. 26']"
Quais são as condições necessárias para a matrícula em disciplinas na UFMS?,"A matrícula em disciplinas na UFMS depende do cumprimento das seguintes condições: I - cumprimento dos pré-requisitos exigidos para as disciplinas selecionadas, quando houver; II - existência de vagas nas disciplinas selecionadas; e III - inexistência de conflito de horários entre as disciplinas selecionadas.","['26/12/2021 22:12 SEI/UFMS - 3003041 - Resolução\nhttps://sei.ufms.br/sei/controlador.php?acao=documento_imprimir_web&acao_origem=arvore_visualizar&id_documento=3577703&infra_sistem… 9/25\n§ 3º É permi\x00do ao estudante com trancamento de matrícula par\x00cipar do\nprocesso de matrícula para o período le\x00vo de verão ou inverno subsequente.\n \nArt. 31. A matrícula em disciplinas depende do atendimento das seguintes\ncondições:\nI - cumprimento dos pré-requisitos exigidos para as disciplinas selecionadas,\nquando houver;\nII - existência de vagas nas disciplinas selecionadas; e\nIII - inexistência de conﬂito de horários entre as disciplinas selecionadas.\n \nParágrafo único. Não haverá restrição de compa\x00bilidade de horário de aulas\npara as matrículas de estudantes com dispensa de frequência.\n \nArt. 32. São garan\x00das aos estudantes as vagas nas disciplinas alocadas no seu\nperíodo de posicionamento, exceto quando houver pré-requisitos não cumpridos.\n \nParágrafo único. O posicionamento do estudante no curso corresponde à\nquan\x00dade de períodos le\x00vos em que o estudante regular mantém vínculo com a UFMS,\ndesde o seu ingresso, subtraindo-se a quan\x00dade de períodos em que a matrícula es\x00ver\ntrancada e os períodos de inverno e verão.  \n \nArt. 33. A matrícula em Estágio Obrigatório poderá ser realizada a qualquer\nmomento no ano, independente dos prazos estabelecidos no Calendário Acadêmico.\n \nArt. 34. Durante a matrícula, o estudante poderá selecionar disciplinas\noferecidas por outros cursos da UFMS, mediante a existência de vagas.\n \nParágrafo único. A disciplina não pertencente à estrutura curricular do curso\nserá registrada como opta\x00va.\n \nArt. 35. Não haverá restrição de compa\x00bilidade de horário de aulas para a\nrealização de Componentes Curriculares Não Disciplinares.\n \nArt. 36. Os critérios e os procedimentos referentes à matrícula de componentes\ncurriculares serão estabelecidos por meio de ato norma\x00vo do Pró-Reitor de Graduação.\n \nArt. 37. Na ausência de renovação de vínculo do estudante em curso de\ngraduação, a matrícula automá\x00ca, que consiste na matrícula em disciplina opta\x00va\nespecíﬁca, ocorrerá por no máximo dois semestres não consecu\x00vos.\n \n§ 1º Não é permi\x00do o cancelamento da matrícula automá\x00ca.\n27/12/2021\nN° 7697\nPg. 26']"
Quais são as condições que permitem o trancamento de matrícula para estudantes convocados para o Serviço Militar Obrigatório na UFMS?,"De acordo com o documento, o trancamento de matrícula é permitido para estudantes convocados para o Serviço Militar Obrigatório, desde que haja comprovação da convocação.","['26/12/2021 22:12 SEI/UFMS - 3003041 - Resolução\nhttps://sei.ufms.br/sei/controlador.php?acao=documento_imprimir_web&acao_origem=arvore_visualizar&id_documento=3577703&infra_siste… 10/25\n \n§ 2º O semestre em que ocorrer a matrícula automá\x00ca será contabilizado para\nﬁns de contagem do tempo para integralização do curso.\n \nCAPÍTULO XI\nDO AFASTAMENTO\n \nSeção I\nDo Trancamento de Matrícula\n \nArt. 38. O Trancamento de Matrícula é o procedimento que permite ao\nestudante regular suspender os seus estudos por um semestre, com manutenção de vínculo\nacadêmico com a UFMS.\n \nParágrafo único. A solicitação de trancamento de matrícula deverá ser realizada\nno Sistema Acadêmico de Graduação (Siscad), durante os prazos estabelecidos no Calendário\nAcadêmico.\n \nArt. 39. O estudante tem direito a dois trancamentos de matrícula,\nconsecu\x00vos ou não.\n \n§ 1º O trancamento de matrícula tem vigência apenas para o semestre\nsolicitado e estende-se ao período le\x00vo de verão ou inverno subsequente, quando houver.\n \n§ 2º Não será permi\x00do o trancamento de matrícula em cursos de graduação\nsem previsão de oferta de vagas para ingressantes.\n \nArt. 40. Durante a vigência do trancamento, o estudante não poderá\ndesenvolver a\x00vidade acadêmica na UFMS.\n \nArt. 41. No período le\x00vo de ingresso no curso, somente será permi\x00do o\ntrancamento de matrícula nos seguintes casos:\nI - por mo\x00vo de doença, na impossibilidade do estudante ser atendido pelo\nregime especial.\nII - no caso de convocação para o Serviço Militar Obrigatório, mediante\ncomprovação.\nIII - em caso de ingresso após quarenta e cinco dias corridos do início do\nperíodo le\x00vo.\n \nArt. 42. Os períodos de trancamento não serão computados no tempo de\nintegralização curricular.\n27/12/2021\nN° 7697\nPg. 27']"
Quais são as condições que permitem o trancamento de matrícula devido ao Serviço Militar Obrigatório?,"O trancamento de matrícula é permitido no caso de convocação para o Serviço Militar Obrigatório, mediante comprovação.","['26/12/2021 22:12 SEI/UFMS - 3003041 - Resolução\nhttps://sei.ufms.br/sei/controlador.php?acao=documento_imprimir_web&acao_origem=arvore_visualizar&id_documento=3577703&infra_siste… 10/25\n \n§ 2º O semestre em que ocorrer a matrícula automá\x00ca será contabilizado para\nﬁns de contagem do tempo para integralização do curso.\n \nCAPÍTULO XI\nDO AFASTAMENTO\n \nSeção I\nDo Trancamento de Matrícula\n \nArt. 38. O Trancamento de Matrícula é o procedimento que permite ao\nestudante regular suspender os seus estudos por um semestre, com manutenção de vínculo\nacadêmico com a UFMS.\n \nParágrafo único. A solicitação de trancamento de matrícula deverá ser realizada\nno Sistema Acadêmico de Graduação (Siscad), durante os prazos estabelecidos no Calendário\nAcadêmico.\n \nArt. 39. O estudante tem direito a dois trancamentos de matrícula,\nconsecu\x00vos ou não.\n \n§ 1º O trancamento de matrícula tem vigência apenas para o semestre\nsolicitado e estende-se ao período le\x00vo de verão ou inverno subsequente, quando houver.\n \n§ 2º Não será permi\x00do o trancamento de matrícula em cursos de graduação\nsem previsão de oferta de vagas para ingressantes.\n \nArt. 40. Durante a vigência do trancamento, o estudante não poderá\ndesenvolver a\x00vidade acadêmica na UFMS.\n \nArt. 41. No período le\x00vo de ingresso no curso, somente será permi\x00do o\ntrancamento de matrícula nos seguintes casos:\nI - por mo\x00vo de doença, na impossibilidade do estudante ser atendido pelo\nregime especial.\nII - no caso de convocação para o Serviço Militar Obrigatório, mediante\ncomprovação.\nIII - em caso de ingresso após quarenta e cinco dias corridos do início do\nperíodo le\x00vo.\n \nArt. 42. Os períodos de trancamento não serão computados no tempo de\nintegralização curricular.\n27/12/2021\nN° 7697\nPg. 27']"
O que é uma Instituição de Ensino Superior?,"Uma Instituição de Ensino Superior é uma organização que oferece educação superior, permitindo que os estudantes cursam disciplinas e obtenham diplomas em diversos níveis acadêmicos.","['26/12/2021 22:12 SEI/UFMS - 3003041 - Resolução\nhttps://sei.ufms.br/sei/controlador.php?acao=documento_imprimir_web&acao_origem=arvore_visualizar&id_documento=3577703&infra_siste… 11/25\n \nSeção II\nDa Mobilidade Acadêmica\n \nArt. 43. A mobilidade acadêmica na UFMS poderá ser:\nI - nacional: é a possibilidade de o estudante cursar disciplinas ofertadas em\noutra Ins\x00tuição de Ensino Superior brasileira, mediante afastamento de sua Unidade de\norigem por tempo determinado; e\nII - internacional: é a possibilidade de o estudante cursar disciplinas ofertadas\nem outra Ins\x00tuição de Ensino Superior em outro país, mediante afastamento de sua Unidade\nde origem por tempo determinado.\n \n§ 1º As normas de mobilidade nacional e internacional são ﬁxadas por\nregulamentação da UFMS.\n \n§ 2º Os estudos realizados em mobilidade poderão ser aproveitados, conforme\nas normas estabelecidas neste Regulamento.\n \nArt. 44. Os períodos de mobilidade serão computados no tempo de\nintegralização curricular.\n \nArt. 45. A mobilidade acadêmica assegura o vínculo acadêmico com a UFMS,\ndevendo o estudante ﬁnalizar os estudos no curso de origem na UFMS.\n \nCAPÍTULO XII\nDA PERDA DE VÍNCULO\n \nArt. 46. O estudante perderá o vínculo acadêmico com a UFMS nas seguintes\nsituações:\nI - diplomação após a colação de grau;\nII - conclusão de curso, em caso de integralização curricular e ausência de\ncolação grau;\nIII - jubilação devido a não integralização do currículo dentro do prazo máximo\nestabelecido no Projeto Pedagógico do Curso;\nIV - sanção disciplinar;\nV - a pedido, por solicitação do próprio do estudante;\nVI - desistência, na impossibilidade de trancamento de matrícula ou de\nmatrícula automá\x00ca, conforme previsto neste regulamento;\nVII - por matrícula simultânea em ins\x00tuições públicas de ensino superior, de\nacordo com legislação em vigor; e/ou\n27/12/2021\nN° 7697\nPg. 28']"
"Quais são as possibilidades de mobilidade acadêmica oferecidas pela Instituição de Ensino Superior, conforme descrito nos documentos da universidade?","A mobilidade acadêmica na UFMS pode ser nacional, permitindo que o estudante curse disciplinas em outra Instituição de Ensino Superior brasileira, ou internacional, onde o estudante pode cursar disciplinas em outra Instituição de Ensino Superior em outro país. Ambas as modalidades requerem afastamento da Unidade de origem por tempo determinado, e as normas para a mobilidade são fixadas pela regulamentação da UFMS.","['26/12/2021 22:12 SEI/UFMS - 3003041 - Resolução\nhttps://sei.ufms.br/sei/controlador.php?acao=documento_imprimir_web&acao_origem=arvore_visualizar&id_documento=3577703&infra_siste… 11/25\n \nSeção II\nDa Mobilidade Acadêmica\n \nArt. 43. A mobilidade acadêmica na UFMS poderá ser:\nI - nacional: é a possibilidade de o estudante cursar disciplinas ofertadas em\noutra Ins\x00tuição de Ensino Superior brasileira, mediante afastamento de sua Unidade de\norigem por tempo determinado; e\nII - internacional: é a possibilidade de o estudante cursar disciplinas ofertadas\nem outra Ins\x00tuição de Ensino Superior em outro país, mediante afastamento de sua Unidade\nde origem por tempo determinado.\n \n§ 1º As normas de mobilidade nacional e internacional são ﬁxadas por\nregulamentação da UFMS.\n \n§ 2º Os estudos realizados em mobilidade poderão ser aproveitados, conforme\nas normas estabelecidas neste Regulamento.\n \nArt. 44. Os períodos de mobilidade serão computados no tempo de\nintegralização curricular.\n \nArt. 45. A mobilidade acadêmica assegura o vínculo acadêmico com a UFMS,\ndevendo o estudante ﬁnalizar os estudos no curso de origem na UFMS.\n \nCAPÍTULO XII\nDA PERDA DE VÍNCULO\n \nArt. 46. O estudante perderá o vínculo acadêmico com a UFMS nas seguintes\nsituações:\nI - diplomação após a colação de grau;\nII - conclusão de curso, em caso de integralização curricular e ausência de\ncolação grau;\nIII - jubilação devido a não integralização do currículo dentro do prazo máximo\nestabelecido no Projeto Pedagógico do Curso;\nIV - sanção disciplinar;\nV - a pedido, por solicitação do próprio do estudante;\nVI - desistência, na impossibilidade de trancamento de matrícula ou de\nmatrícula automá\x00ca, conforme previsto neste regulamento;\nVII - por matrícula simultânea em ins\x00tuições públicas de ensino superior, de\nacordo com legislação em vigor; e/ou\n27/12/2021\nN° 7697\nPg. 28']"
Qual é a importância do Calendário Acadêmico na oferta de disciplinas na universidade?,"O Calendário Acadêmico é fundamental, pois todas as ofertas de disciplinas devem ser previstas de acordo com ele, garantindo que as disciplinas obrigatórias sejam oferecidas nos primeiros e segundos semestres, com prioridade regular de vagas conforme a Estrutura Curricular do Curso.","['26/12/2021 22:12 SEI/UFMS - 3003041 - Resolução\nhttps://sei.ufms.br/sei/controlador.php?acao=documento_imprimir_web&acao_origem=arvore_visualizar&id_documento=3577703&infra_siste… 12/25\nVIII - por reprovação, em todas as disciplinas por três semestres consecu\x00vos\nou por um único semestre, em cursos sem previsão de oferta de vagas para ingressantes.\n \n \nCAPÍTULO XIII\nDA OFERTA DE DISCIPLINAS\n \nArt. 47. Todas as ofertas de disciplinas deverão ser previstas de acordo com o\nCalendário Acadêmico.\n \nParágrafo único. Não se aplica ao caput a Componente Curricular Disciplinar\nEstágio Obrigatório.\n \nArt. 48. É obrigatória, no primeiro e no segundo semestres, a oferta de\ndisciplinas obrigatórias, com prioridade regular de vagas, conforme o semestre recomendado\nna Estrutura Curricular do Curso.\n \nParágrafo único. A prioridade regular de vagas tem o obje\x00vo de atender a\ntodos os estudantes cujo semestre de posicionamento no curso é o mesmo recomendado\npara a oferta da disciplina, conforme Estrutura Curricular do Curso.\n \nArt. 49. Poderão ser ofertadas disciplinas com prioridade especial de vagas,\npara atender, prioritariamente, aos estudantes cujo período de posicionamento no curso é\nsuperior ao período recomendado para a oferta da disciplina, conforme Estrutura Curricular\ndo Curso.\n \nArt. 50. Poderá ser ofertada disciplina de maneira intensiva, com prioridade\nregular ou especial de vagas, para atendimento à demanda especíﬁca, por proposição da\nCoordenação de Curso, com horário concentrado de aulas.\n \nParágrafo único. A oferta de disciplina intensiva contempla integralmente o\nconteúdo programá\x00co e carga horária do Projeto Pedagógico de Curso e deverá ocorrer,\npreferencialmente, nos períodos le\x00vos de verão e de inverno.\n \nArt. 51. Cada turma de disciplina deverá oferecer no mínimo cinco vagas para\ndisciplinas obrigatórias e dez vagas para disciplinas opta\x00vas.\n \n§ 1º Caso as vagas não sejam preenchidas, conforme estabelece o caput deste\nar\x00go, a oferta deverá ser cancelada.\n \n§ 2º Excepcionalmente, poderão ser autorizadas pela Pró-Reitoria de\nGraduação, turmas com número menor, mediante jus\x00ﬁca\x00va do Dirigente da Unidade.\n27/12/2021\nN° 7697\nPg. 29']"
O que é o Calendário Acadêmico e como ele afeta a oferta de disciplinas na universidade?,"O Calendário Acadêmico é um documento que prevê todas as ofertas de disciplinas na universidade. De acordo com o Art. 47, todas as ofertas de disciplinas devem ser previstas conforme o Calendário Acadêmico. Além disso, o Art. 48 estabelece que é obrigatória a oferta de disciplinas obrigatórias nos primeiros e segundos semestres, com prioridade regular de vagas, conforme o semestre recomendado na Estrutura Curricular do Curso.","['26/12/2021 22:12 SEI/UFMS - 3003041 - Resolução\nhttps://sei.ufms.br/sei/controlador.php?acao=documento_imprimir_web&acao_origem=arvore_visualizar&id_documento=3577703&infra_siste… 12/25\nVIII - por reprovação, em todas as disciplinas por três semestres consecu\x00vos\nou por um único semestre, em cursos sem previsão de oferta de vagas para ingressantes.\n \n \nCAPÍTULO XIII\nDA OFERTA DE DISCIPLINAS\n \nArt. 47. Todas as ofertas de disciplinas deverão ser previstas de acordo com o\nCalendário Acadêmico.\n \nParágrafo único. Não se aplica ao caput a Componente Curricular Disciplinar\nEstágio Obrigatório.\n \nArt. 48. É obrigatória, no primeiro e no segundo semestres, a oferta de\ndisciplinas obrigatórias, com prioridade regular de vagas, conforme o semestre recomendado\nna Estrutura Curricular do Curso.\n \nParágrafo único. A prioridade regular de vagas tem o obje\x00vo de atender a\ntodos os estudantes cujo semestre de posicionamento no curso é o mesmo recomendado\npara a oferta da disciplina, conforme Estrutura Curricular do Curso.\n \nArt. 49. Poderão ser ofertadas disciplinas com prioridade especial de vagas,\npara atender, prioritariamente, aos estudantes cujo período de posicionamento no curso é\nsuperior ao período recomendado para a oferta da disciplina, conforme Estrutura Curricular\ndo Curso.\n \nArt. 50. Poderá ser ofertada disciplina de maneira intensiva, com prioridade\nregular ou especial de vagas, para atendimento à demanda especíﬁca, por proposição da\nCoordenação de Curso, com horário concentrado de aulas.\n \nParágrafo único. A oferta de disciplina intensiva contempla integralmente o\nconteúdo programá\x00co e carga horária do Projeto Pedagógico de Curso e deverá ocorrer,\npreferencialmente, nos períodos le\x00vos de verão e de inverno.\n \nArt. 51. Cada turma de disciplina deverá oferecer no mínimo cinco vagas para\ndisciplinas obrigatórias e dez vagas para disciplinas opta\x00vas.\n \n§ 1º Caso as vagas não sejam preenchidas, conforme estabelece o caput deste\nar\x00go, a oferta deverá ser cancelada.\n \n§ 2º Excepcionalmente, poderão ser autorizadas pela Pró-Reitoria de\nGraduação, turmas com número menor, mediante jus\x00ﬁca\x00va do Dirigente da Unidade.\n27/12/2021\nN° 7697\nPg. 29']"
Quais são as responsabilidades da Coordenação de Curso em relação ao Curso de Graduação?,"A Coordenação de Curso é responsável por elaborar a proposta de Lista de Oferta de disciplinas de seu curso, priorizando a oferta de disciplinas que contemplem múltiplos cursos, com o objetivo de otimizar o encargo docente e adequar o espaço físico a ser utilizado, respeitando-se as especificidades de cada curso e infraestrutura existente.","['26/12/2021 22:12 SEI/UFMS - 3003041 - Resolução\nhttps://sei.ufms.br/sei/controlador.php?acao=documento_imprimir_web&acao_origem=arvore_visualizar&id_documento=3577703&infra_siste… 13/25\n \nArt. 52. Cada turma de uma determinada disciplina deverá prever, no momento\nde sua oferta, quais cursos serão atendidos.\n \nCAPÍTULO XIV\nDAS ATIVIDADES A DISTÂNCIA NOS CURSOS PRESENCIAIS\n \nArt. 53. As disciplinas dos cursos presenciais poderão ter a carga horária, total\nou parcial, teórica ou prá\x00ca, ofertada na modalidade a distância, respeitada a legislação\nespecíﬁca.\n \nParágrafo único. A carga horária ofertada a distância, da disciplina, deverá\nser deﬁnida na lista de ofertas.\n \nArt. 54. O professor responsável por ministrar disciplina com carga horária,\ntotal ou parcial, a distância deverá estar credenciado na UFMS.\n \nArt. 55. O estudante matriculado em Curso de Graduação presencial poderá\ncursar carga horária a distância até o limite máximo permi\x00do em legislação.\n \nCAPÍTULO XV\nDA LISTA DE OFERTA DE DISCIPLINAS\n \nArt. 56. A Lista de Oferta de disciplinas é elaborada para cada período le\x00vo,\nnos prazos estabelecidos no Calendário Acadêmico e de acordo com a Estrutura Curricular do\nProjeto Pedagógico de Curso.\n \nArt. 57. A Coordenação de Curso é responsável por elaborar a proposta de Lista\nde Oferta de disciplinas de seu curso.\n \nParágrafo único. Deverá ser priorizada a oferta de disciplinas que contemplem\nmúl\x00plos cursos, com obje\x00vo de o\x00mizar o encargo docente e adequar o espaço \x00sico a ser\nu\x00lizado, respeitando-se as especiﬁcidades de cada curso e infraestrutura existente.\n \nArt. 58. Compete ao Conselho da Unidade da Administração Setorial a\naprovação da Lista de Oferta de disciplinas dos Cursos.\n \n§ 1º No caso de disciplinas lotadas em outra Unidade, a solicitação da oferta\ndeverá ser encaminhada para a respec\x00va Unidade.\n \n27/12/2021\nN° 7697\nPg. 30']"
O que é um Curso de Graduação e como funciona a oferta de disciplinas?,"Um Curso de Graduação é um programa de ensino superior onde os estudantes podem se matricular em disciplinas. A oferta de disciplinas é elaborada para cada período letivo, seguindo os prazos do Calendário Acadêmico e a Estrutura Curricular do Projeto Pedagógico de Curso. A Coordenação de Curso é responsável por criar a proposta de Lista de Oferta de disciplinas, priorizando aquelas que atendem múltiplos cursos para otimizar o uso do espaço físico e respeitar as especificidades de cada curso.","['26/12/2021 22:12 SEI/UFMS - 3003041 - Resolução\nhttps://sei.ufms.br/sei/controlador.php?acao=documento_imprimir_web&acao_origem=arvore_visualizar&id_documento=3577703&infra_siste… 13/25\n \nArt. 52. Cada turma de uma determinada disciplina deverá prever, no momento\nde sua oferta, quais cursos serão atendidos.\n \nCAPÍTULO XIV\nDAS ATIVIDADES A DISTÂNCIA NOS CURSOS PRESENCIAIS\n \nArt. 53. As disciplinas dos cursos presenciais poderão ter a carga horária, total\nou parcial, teórica ou prá\x00ca, ofertada na modalidade a distância, respeitada a legislação\nespecíﬁca.\n \nParágrafo único. A carga horária ofertada a distância, da disciplina, deverá\nser deﬁnida na lista de ofertas.\n \nArt. 54. O professor responsável por ministrar disciplina com carga horária,\ntotal ou parcial, a distância deverá estar credenciado na UFMS.\n \nArt. 55. O estudante matriculado em Curso de Graduação presencial poderá\ncursar carga horária a distância até o limite máximo permi\x00do em legislação.\n \nCAPÍTULO XV\nDA LISTA DE OFERTA DE DISCIPLINAS\n \nArt. 56. A Lista de Oferta de disciplinas é elaborada para cada período le\x00vo,\nnos prazos estabelecidos no Calendário Acadêmico e de acordo com a Estrutura Curricular do\nProjeto Pedagógico de Curso.\n \nArt. 57. A Coordenação de Curso é responsável por elaborar a proposta de Lista\nde Oferta de disciplinas de seu curso.\n \nParágrafo único. Deverá ser priorizada a oferta de disciplinas que contemplem\nmúl\x00plos cursos, com obje\x00vo de o\x00mizar o encargo docente e adequar o espaço \x00sico a ser\nu\x00lizado, respeitando-se as especiﬁcidades de cada curso e infraestrutura existente.\n \nArt. 58. Compete ao Conselho da Unidade da Administração Setorial a\naprovação da Lista de Oferta de disciplinas dos Cursos.\n \n§ 1º No caso de disciplinas lotadas em outra Unidade, a solicitação da oferta\ndeverá ser encaminhada para a respec\x00va Unidade.\n \n27/12/2021\nN° 7697\nPg. 30']"
O que é o SEI na universidade?,"O SEI é o Sistema Eletrônico de Informações da UFMS, que gerencia documentos e processos administrativos, como a inserção da lista de oferta de disciplinas e o registro do Plano de Ensino no Sistema Acadêmico de Graduação (Siscad).","['26/12/2021 22:12 SEI/UFMS - 3003041 - Resolução\nhttps://sei.ufms.br/sei/controlador.php?acao=documento_imprimir_web&acao_origem=arvore_visualizar&id_documento=3577703&infra_siste… 14/25\n§ 2º Para Cursos de Graduação vinculados aos Programas Especiais, a\naprovação da Lista de Oferta de disciplinas será de responsabilidade do Dirigente da Unidade\nde vínculo do curso.\n \nArt. 59. A inserção da lista de oferta no Sistema Acadêmico de Graduação\n(Siscad) deve ser realizada nos prazos estabelecidos no Calendário Acadêmico.\n \nCAPÍTULO XVI\nDOS PLANOS DE ENSINO\n \nArt. 60. O Plano de Ensino é o planejamento das ações pedagógicas que serão\ndesenvolvidas na disciplina durante o período le\x00vo de acordo com o Projeto Pedagógico de\nCurso e deverá ser aprovado pelo respec\x00vo Colegiado de Curso, até o úl\x00mo dia ú\x00l antes do\ninício do período de renovação de matrícula.\n \n§ 1º No caso de disciplinas ofertadas a múl\x00plos cursos, a aprovação deverá ser\nrealizada pelo Colegiado de Curso do curso que possui a maior quan\x00dade de vagas na turma.\n \n§ 2º O Plano de Ensino, após a liberação pelo professor responsável e aprovação,\nﬁcará disponível no Sistema Acadêmico de Graduação, o que consiste no amplo acesso e\nconhecimento dos estudantes.\n \nArt. 61. O Plano de Ensino deve ser elaborado e registrado no Sistema Acadêmico\nde Graduação (Siscad) pelo professor responsável para cada turma da disciplina ofertada,\ncontendo:\nI – nome;\nII – nome dos professores responsáveis e colaboradores da disciplina;\nIII – ementa;\nIV – obje\x00vos;\nV – programa;\nVI – procedimentos de ensino;\nVII – recursos didá\x00co-pedagógicos;\nVIII – bibliograﬁa; e\nIX – sistema de avaliação, com especiﬁcação das avaliações e previsão das\nrespec\x00vas datas, bem como a fórmula para cálculo da Média de Aproveitamento  (MA).\n \nCAPÍTULO XVII\nDA APROVAÇÃO\n \nSeção I\nDo Critério de Aprovação\n27/12/2021\nN° 7697\nPg. 31']"
Qual é a função do Siscad no contexto acadêmico?,"O Siscad é o Sistema Acadêmico de Graduação onde a inserção da lista de oferta de disciplinas deve ser realizada nos prazos estabelecidos no Calendário Acadêmico. Além disso, o Plano de Ensino deve ser elaborado e registrado no Siscad pelo professor responsável para cada turma da disciplina ofertada.","['26/12/2021 22:12 SEI/UFMS - 3003041 - Resolução\nhttps://sei.ufms.br/sei/controlador.php?acao=documento_imprimir_web&acao_origem=arvore_visualizar&id_documento=3577703&infra_siste… 14/25\n§ 2º Para Cursos de Graduação vinculados aos Programas Especiais, a\naprovação da Lista de Oferta de disciplinas será de responsabilidade do Dirigente da Unidade\nde vínculo do curso.\n \nArt. 59. A inserção da lista de oferta no Sistema Acadêmico de Graduação\n(Siscad) deve ser realizada nos prazos estabelecidos no Calendário Acadêmico.\n \nCAPÍTULO XVI\nDOS PLANOS DE ENSINO\n \nArt. 60. O Plano de Ensino é o planejamento das ações pedagógicas que serão\ndesenvolvidas na disciplina durante o período le\x00vo de acordo com o Projeto Pedagógico de\nCurso e deverá ser aprovado pelo respec\x00vo Colegiado de Curso, até o úl\x00mo dia ú\x00l antes do\ninício do período de renovação de matrícula.\n \n§ 1º No caso de disciplinas ofertadas a múl\x00plos cursos, a aprovação deverá ser\nrealizada pelo Colegiado de Curso do curso que possui a maior quan\x00dade de vagas na turma.\n \n§ 2º O Plano de Ensino, após a liberação pelo professor responsável e aprovação,\nﬁcará disponível no Sistema Acadêmico de Graduação, o que consiste no amplo acesso e\nconhecimento dos estudantes.\n \nArt. 61. O Plano de Ensino deve ser elaborado e registrado no Sistema Acadêmico\nde Graduação (Siscad) pelo professor responsável para cada turma da disciplina ofertada,\ncontendo:\nI – nome;\nII – nome dos professores responsáveis e colaboradores da disciplina;\nIII – ementa;\nIV – obje\x00vos;\nV – programa;\nVI – procedimentos de ensino;\nVII – recursos didá\x00co-pedagógicos;\nVIII – bibliograﬁa; e\nIX – sistema de avaliação, com especiﬁcação das avaliações e previsão das\nrespec\x00vas datas, bem como a fórmula para cálculo da Média de Aproveitamento  (MA).\n \nCAPÍTULO XVII\nDA APROVAÇÃO\n \nSeção I\nDo Critério de Aprovação\n27/12/2021\nN° 7697\nPg. 31']"
Qual é a relação entre o Poder Judiciário e a compensação de faltas?,A compensação de faltas poderá ocorrer em forma de atividades nos casos de convocação pelo Poder Judiciário.,"['26/12/2021 22:12 SEI/UFMS - 3003041 - Resolução\nhttps://sei.ufms.br/sei/controlador.php?acao=documento_imprimir_web&acao_origem=arvore_visualizar&id_documento=3577703&infra_siste… 15/25\n \nArt. 62. A aprovação nas disciplinas depende da frequência nas aulas e/ou\npar\x00cipação nas aulas e/ou a\x00vidades pedagógicas assíncronas, bem como da Média de\nAproveitamento (MA) expressa em nota, resultantes das avaliações, de acordo com o Plano\nde Ensino da disciplina.\n \nParágrafo único. Será considerado aprovado na disciplina, o estudante que\nob\x00ver, frequência igual ou superior a 75%, e Média de Aproveitamento, igual ou superior a\n6,0 (seis vírgula zero).\n \nArt. 63. Após o cumprimento da Componente Curricular Não Disciplinar será\nalterada a situação para “Aprovada” no Sistema Acadêmico de Graduação.\n \nSeção II\nDo Controle da Frequência\n \nArt. 64. O controle da frequência é da competência do professor da disciplina,\ne deve ser registrado, até dez dias corridos após a realização do evento, no Sistema\nAcadêmico de Graduação (Siscad).\n \nArt. 65. A frequência em a\x00vidades a distância está relacionada ao\ncumprimento das a\x00vidades assíncronas.\n \nParágrafo único. A presença dos estudantes durante encontros síncronos não\npresenciais é faculta\x00va.\n \nArt. 66. O estudante que não alcançar, no mínimo, setenta e cinco por cento de\nfrequência na carga horária total da disciplina será reprovado por faltas, considerando aulas\npresenciais e par\x00cipação nas a\x00vidades a distância assíncronas previstas no Plano de Ensino.\n \nArt. 67. O estudante que já tenha cursado a disciplina com frequência igual ou\nsuperior a setenta e cinco por cento,  e que tenha sido reprovado por nota, com Média de\nAproveitamento -MA igual ou superior a quatro (4,0), poderá solicitar ao Colegiado de Curso a\ndispensa de frequência na reoferta.\n \n \nArt. 68. Não há abono de faltas no âmbito da UFMS, exceto nos casos previstos\nna legislação federal vigente.\n \nArt. 69. Poderá haver compensação de faltas, em forma de a\x00vidades, nos\nseguintes casos:\nI - convocação pelo Poder Judiciário;\n27/12/2021\nN° 7697\nPg. 32']"
Quais são os critérios de aprovação nas disciplinas segundo o Sistema Acadêmico de Graduação?,"A aprovação nas disciplinas depende da frequência nas aulas e/ou participação nas aulas e/ou atividades pedagógicas assíncronas, bem como da Média de Aproveitamento (MA) expressa em nota, resultantes das avaliações, de acordo com o Plano de Ensino da disciplina. O estudante será considerado aprovado na disciplina se obtiver frequência igual ou superior a 75% e uma Média de Aproveitamento igual ou superior a 6,0.","['26/12/2021 22:12 SEI/UFMS - 3003041 - Resolução\nhttps://sei.ufms.br/sei/controlador.php?acao=documento_imprimir_web&acao_origem=arvore_visualizar&id_documento=3577703&infra_siste… 15/25\n \nArt. 62. A aprovação nas disciplinas depende da frequência nas aulas e/ou\npar\x00cipação nas aulas e/ou a\x00vidades pedagógicas assíncronas, bem como da Média de\nAproveitamento (MA) expressa em nota, resultantes das avaliações, de acordo com o Plano\nde Ensino da disciplina.\n \nParágrafo único. Será considerado aprovado na disciplina, o estudante que\nob\x00ver, frequência igual ou superior a 75%, e Média de Aproveitamento, igual ou superior a\n6,0 (seis vírgula zero).\n \nArt. 63. Após o cumprimento da Componente Curricular Não Disciplinar será\nalterada a situação para “Aprovada” no Sistema Acadêmico de Graduação.\n \nSeção II\nDo Controle da Frequência\n \nArt. 64. O controle da frequência é da competência do professor da disciplina,\ne deve ser registrado, até dez dias corridos após a realização do evento, no Sistema\nAcadêmico de Graduação (Siscad).\n \nArt. 65. A frequência em a\x00vidades a distância está relacionada ao\ncumprimento das a\x00vidades assíncronas.\n \nParágrafo único. A presença dos estudantes durante encontros síncronos não\npresenciais é faculta\x00va.\n \nArt. 66. O estudante que não alcançar, no mínimo, setenta e cinco por cento de\nfrequência na carga horária total da disciplina será reprovado por faltas, considerando aulas\npresenciais e par\x00cipação nas a\x00vidades a distância assíncronas previstas no Plano de Ensino.\n \nArt. 67. O estudante que já tenha cursado a disciplina com frequência igual ou\nsuperior a setenta e cinco por cento,  e que tenha sido reprovado por nota, com Média de\nAproveitamento -MA igual ou superior a quatro (4,0), poderá solicitar ao Colegiado de Curso a\ndispensa de frequência na reoferta.\n \n \nArt. 68. Não há abono de faltas no âmbito da UFMS, exceto nos casos previstos\nna legislação federal vigente.\n \nArt. 69. Poderá haver compensação de faltas, em forma de a\x00vidades, nos\nseguintes casos:\nI - convocação pelo Poder Judiciário;\n27/12/2021\nN° 7697\nPg. 32']"
